1.021659000000000006e+01 4.439962019641599850e-41
1.023975000000000080e+01 4.228482117168399869e-41
1.026295999999999964e+01 4.021723499043600332e-41
1.028622000000000014e+01 3.819717110899599856e-41
1.030954000000000015e+01 3.622415985980100133e-41
1.033290000000000042e+01 3.430020866304399973e-41
1.035632999999999981e+01 3.242321895132099925e-41
1.037979999999999947e+01 3.059597663776900190e-41
1.040333000000000041e+01 2.898714372884099912e-41
1.042690999999999946e+01 2.843355126534399760e-41
1.045054000000000016e+01 2.788413437484900117e-41
1.047423000000000037e+01 2.733870762144899977e-41
1.049797000000000047e+01 2.679752921668899842e-41
1.052177000000000007e+01 2.626041825806399829e-41
1.054560999999999993e+01 2.572785194116900107e-41
1.056952000000000069e+01 2.519920525416099857e-41
1.059346999999999994e+01 2.467517204292100033e-41
1.061749000000000009e+01 2.389537912409999653e-41
1.064155000000000051e+01 2.303161036387600038e-41
1.066567000000000043e+01 2.218166028708099546e-41
1.068984999999999985e+01 2.134562893768900304e-41
1.071407999999999916e+01 2.052397145492100058e-41
1.073836000000000013e+01 1.971680581032100071e-41
1.076270000000000060e+01 1.892389202560000359e-41
1.078710000000000058e+01 1.814535078969599620e-41
1.081155000000000044e+01 1.752641383993600048e-41
1.083605000000000018e+01 1.707689505640000037e-41
1.086062000000000083e+01 1.663195177644100302e-41
1.088522999999999996e+01 1.619217360249999739e-41
1.090991000000000000e+01 1.575705727425599819e-41
1.093463999999999992e+01 1.532701359072899631e-41
1.095941999999999972e+01 1.490206278176100120e-41
1.098426000000000080e+01 1.448207380302399713e-41
1.100915999999999961e+01 1.389313802249999932e-41
1.103411000000000008e+01 1.302456340993600096e-41
1.105912000000000006e+01 1.218203353672900029e-41
1.108418999999999954e+01 1.136575808659600002e-41
1.110932000000000031e+01 1.057593326835599838e-41
1.113448999999999955e+01 9.813358186383999902e-42
1.115972999999999971e+01 9.077307302449001311e-42
1.118502999999999936e+01 8.368303411203999236e-42
1.121038000000000068e+01 7.955699742225000587e-42
1.123578999999999972e+01 7.939393842249000466e-42
1.126126000000000005e+01 7.923070892025001232e-42
1.128678000000000026e+01 7.906725372099999809e-42
1.131236999999999959e+01 7.890357404484000222e-42
1.133801000000000059e+01 7.873972723600000441e-42
1.136370999999999931e+01 7.857571434496000609e-42
1.138945999999999970e+01 7.841148042025001031e-42
1.141527999999999921e+01 7.726876635075999360e-42
1.144116000000000000e+01 7.546404573184000261e-42
1.146709000000000067e+01 7.367717637316000155e-42
1.149308000000000085e+01 7.190769396721001177e-42
1.151913000000000054e+01 7.015569310864000884e-42
1.154523999999999972e+01 6.842137599503999915e-42
1.157141000000000020e+01 6.670478756529000271e-42
1.159764000000000017e+01 6.500618236161000500e-42
1.162392000000000003e+01 6.470989666596000259e-42
1.165027000000000079e+01 6.455090431968999894e-42
1.167667999999999928e+01 6.439170152704000546e-42
1.170315000000000083e+01 6.423239116921000643e-42
1.172967000000000048e+01 6.407292375168999757e-42
1.175625999999999927e+01 6.391325003449001064e-42
1.178290999999999933e+01 6.375342203135999644e-42
1.180962000000000067e+01 6.212770606848999416e-42
1.183638000000000012e+01 5.798738515248999602e-42
1.186321000000000048e+01 5.397950575800999719e-42
1.189010000000000034e+01 5.010667356304000276e-42
1.191704999999999970e+01 4.636980823225000146e-42
1.194406000000000034e+01 4.276992111921000341e-42
1.197114000000000011e+01 3.930671038464000476e-42
1.199826999999999977e+01 3.598369981968999830e-42
1.202547000000000033e+01 3.602802591024999142e-42
1.205273000000000039e+01 3.629794660804000531e-42
1.208004000000000033e+01 3.656933360721000679e-42
1.210741999999999940e+01 3.684246074720999390e-42
1.213486999999999938e+01 3.711729762224999449e-42
1.216236999999999924e+01 3.739365857536000435e-42
1.218994000000000000e+01 3.767174328240999611e-42
1.221757000000000026e+01 3.789570809123999942e-42
1.224526000000000003e+01 3.808875269956000036e-42
1.227302000000000071e+01 3.828279646800999618e-42
1.230084000000000088e+01 3.847772557475999609e-42
1.232872000000000057e+01 3.867358233599999310e-42
1.235665999999999976e+01 3.887033061135999429e-42
1.238466999999999985e+01 3.906813152355999931e-42
1.241273999999999944e+01 3.797895494761000376e-42
1.244087999999999994e+01 3.539955701528999231e-42
1.246907999999999994e+01 3.290563348081000706e-42
1.249733999999999945e+01 3.049776742321000155e-42
1.252566999999999986e+01 2.817577102095999904e-42
1.255405999999999977e+01 2.594109669375999637e-42
1.258252000000000059e+01 2.379355610255999930e-42
1.261103999999999914e+01 2.262103232841000018e-42
1.263962000000000074e+01 2.288224985343999911e-42
1.266826999999999970e+01 2.314563634161000063e-42
1.269697999999999993e+01 2.341108084624000209e-42
1.272575999999999929e+01 2.367865431368999787e-42
1.275460999999999956e+01 2.394846005840999981e-42
1.278351999999999933e+01 2.422032338944000353e-42
1.281250000000000000e+01 2.419779358095999677e-42
1.284154000000000018e+01 2.378633767523999844e-42
1.287063999999999986e+01 2.337755376784000294e-42
1.289982000000000006e+01 2.297122171876000197e-42
1.292905999999999977e+01 2.256761071504000071e-42
1.295836000000000077e+01 2.216677300200999774e-42
1.298773000000000089e+01 2.176858274723999958e-42
1.301717000000000013e+01 2.123201608641000110e-42
1.304668000000000028e+01 2.060143502400000235e-42
1.307624999999999993e+01 1.997908748676000090e-42
1.310589000000000048e+01 1.936486546929000172e-42
1.313560000000000016e+01 1.875878119128999909e-42
1.316536999999999935e+01 1.816117397955999886e-42
1.319520999999999944e+01 1.757183545743999786e-42
1.322512000000000043e+01 1.891406080656000018e-42
1.325510000000000055e+01 2.070197237123999959e-42
1.328514000000000017e+01 2.257443145440999637e-42
1.331525000000000070e+01 2.453258098943999716e-42
1.334543000000000035e+01 2.657698760025000139e-42
1.337567999999999913e+01 2.870825311200999847e-42
1.340600000000000058e+01 3.321615600899999615e-42
1.343638999999999939e+01 4.887247546944000484e-42
1.346683999999999948e+01 6.758226916280999810e-42
1.349737000000000009e+01 8.937881557641000880e-42
1.352796000000000021e+01 1.142686753322499880e-41
1.355861999999999945e+01 1.422794628002500184e-41
1.358935999999999922e+01 1.734428463460900380e-41
1.362016000000000027e+01 1.739543917465600202e-41
1.365103000000000044e+01 1.577734802904100375e-41
1.368196999999999974e+01 1.423483477646399740e-41
1.371297999999999995e+01 1.276843001043599905e-41
1.374407000000000068e+01 1.137824211722500187e-41
1.377521999999999913e+01 1.006570802250000116e-41
1.380644000000000027e+01 8.920735297600000944e-42
1.383774000000000015e+01 8.171313819600999366e-42
1.386909999999999954e+01 7.453418709025000430e-42
1.390053999999999945e+01 6.766824121343999737e-42
1.393205000000000027e+01 6.111985451049000211e-42
1.396363000000000021e+01 5.489114808996000587e-42
1.399527999999999928e+01 4.898444577048999782e-42
1.402699999999999925e+01 4.251604811363999695e-42
1.405879000000000012e+01 3.634978659844000708e-42
1.409065999999999974e+01 3.065272627263999894e-42
1.412260000000000026e+01 2.543001113040999707e-42
1.415460999999999991e+01 2.068491150625000387e-42
1.418669000000000047e+01 1.642057719184000109e-42
1.421884999999999977e+01 1.380916415375999985e-42
1.425107999999999997e+01 1.220132323216000147e-42
1.428337999999999930e+01 1.068980227224999868e-42
1.431575999999999915e+01 9.274810965872401782e-43
1.434820000000000029e+01 7.957899553843597745e-43
1.438072999999999979e+01 6.738538249960000351e-43
1.441332000000000058e+01 5.940154841759999990e-43
1.444599000000000011e+01 5.641770481358400491e-43
1.447874000000000017e+01 5.350372426137600891e-43
1.451154999999999973e+01 5.066186682122499973e-43
1.454444999999999943e+01 4.789009535128900079e-43
1.457741000000000042e+01 4.519145500668099872e-43
1.461045999999999978e+01 4.265581582416400274e-43
1.464357000000000042e+01 4.038212312424900658e-43
1.467675999999999981e+01 3.816542288548899313e-43
1.471002999999999972e+01 3.600618026522500718e-43
1.474337000000000053e+01 3.390546566560000300e-43
1.477679000000000009e+01 3.186307837812099926e-43
1.481029000000000018e+01 3.039615711944099800e-43
1.484384999999999977e+01 3.011711226483600509e-43
1.487749999999999950e+01 2.983862220067599857e-43
1.491122000000000014e+01 2.956083851214400341e-43
1.494501999999999953e+01 2.928370451936399590e-43
1.497889999999999944e+01 2.900721864722500257e-43
1.501285000000000025e+01 2.836859818352399362e-43
1.504687999999999981e+01 2.715005014604100134e-43
1.508098000000000027e+01 2.595581524922499691e-43
1.511517000000000088e+01 2.478540250803599754e-43
1.514943000000000062e+01 2.363967606422500368e-43
1.518375999999999948e+01 2.251879268760899986e-43
1.521818000000000026e+01 2.145796241107599616e-43
1.525267999999999979e+01 2.045150480755599805e-43
1.528725000000000023e+01 1.946725293324099482e-43
1.532189999999999941e+01 1.850508747651600132e-43
1.535662999999999911e+01 1.756515994856100226e-43
1.539143999999999934e+01 1.664764850340899996e-43
1.542632000000000048e+01 1.569959940198399810e-43
1.546128999999999998e+01 1.476012645588100071e-43
1.549633000000000038e+01 1.384785041289999940e-43
1.553145999999999916e+01 1.296244091492100031e-43
1.556666000000000061e+01 1.210459605555599985e-43
1.560195000000000043e+01 1.130498059494399870e-43
1.563730999999999938e+01 1.104924856968099914e-43
1.567276000000000025e+01 1.079580477580899961e-43
1.570828000000000024e+01 1.054481440928400026e-43
1.574389000000000038e+01 1.029614715512099956e-43
1.577956999999999965e+01 1.004996514822399908e-43
1.581534000000000084e+01 9.915722357776001683e-44
1.585117999999999938e+01 9.928277940889001045e-44
1.588710999999999984e+01 9.940879303055999171e-44
1.592313000000000045e+01 9.953513896561000639e-44
1.595922000000000018e+01 9.966188083328998216e-44
1.599539000000000044e+01 9.978895605721000079e-44
1.603164999999999907e+01 9.644055718144000922e-44
1.606797999999999860e+01 9.264961945599999095e-44
1.610439999999999827e+01 8.892550633443999451e-44
1.614091000000000165e+01 8.526890567055999243e-44
1.617748999999999882e+01 8.168232592143999293e-44
1.621415999999999968e+01 7.749074768656000897e-44
1.625091000000000108e+01 7.236250640783999668e-44
1.628774999999999906e+01 6.739792324321000224e-44
1.632467000000000112e+01 6.259953960100000470e-44
1.636167000000000016e+01 5.796850752224999675e-44
1.639875999999999934e+01 5.350477872100000802e-44
1.643592999999999904e+01 5.363040798975999715e-44
1.647317999999999927e+01 5.391293911055999932e-44
1.651051999999999964e+01 5.419686432483999562e-44
1.654794000000000054e+01 5.448214207880999736e-44
1.658545000000000158e+01 5.476887075624998712e-44
1.662303999999999959e+01 5.411346012900000272e-44
1.666072000000000131e+01 5.287097798161000092e-44
1.669848999999999961e+01 5.164001733135999964e-44
1.673633999999999844e+01 5.042104084368999651e-44
1.677427000000000135e+01 4.921405043776000086e-44
1.681229000000000084e+01 4.715095216328999546e-44
1.685040000000000049e+01 4.337101970041000514e-44
1.688859000000000066e+01 3.974161860900000401e-44
1.692687000000000097e+01 3.626274701284000291e-44
1.696524000000000143e+01 3.293557113855999750e-44
1.700369999999999848e+01 3.006887785444000170e-44
1.704223999999999961e+01 3.016512449721000326e-44
1.708087000000000089e+01 3.026173368100000329e-44
1.711957999999999913e+01 3.035874125375999701e-44
1.715839000000000070e+01 3.045614838561000410e-44
1.719727999999999923e+01 3.055388633089000447e-44
1.723626000000000147e+01 2.860055968900000053e-44
1.727533000000000030e+01 2.656117657599999516e-44
1.731447999999999965e+01 2.459329650624999912e-44
1.735372999999999877e+01 2.269638667024000370e-44
1.739305999999999841e+01 2.087198541796000366e-44
1.743249000000000137e+01 1.967721590025000144e-44
1.747200000000000131e+01 1.863214080015999716e-44
1.751160000000000139e+01 1.761329776800999999e-44
1.755130000000000123e+01 1.662062424099999710e-44
1.759108000000000160e+01 1.565483923248999939e-44
1.763094999999999857e+01 1.540105820100000053e-44
1.767091999999999885e+01 1.534793921424000152e-44
1.771096999999999966e+01 1.529481305284000119e-44
1.775111000000000061e+01 1.524165554040999942e-44
1.779135000000000133e+01 1.518846732225000123e-44
1.783167999999999864e+01 1.475010250000000055e-44
1.787209000000000003e+01 1.421433833120999692e-44
1.791260000000000119e+01 1.368719825929000207e-44
1.795319999999999894e+01 1.316887068248999807e-44
1.799390000000000001e+01 1.265933268768999780e-44
1.803468000000000160e+01 1.214869088520999830e-44
1.807555999999999941e+01 1.164558247609000126e-44
1.811653000000000091e+01 1.115203585023999915e-44
1.815759999999999863e+01 1.066801845321000127e-44
1.819875000000000043e+01 1.019383026025000071e-44
1.823999999999999844e+01 9.965795299168899339e-45
1.828134999999999977e+01 9.747164670952900245e-45
1.832278000000000162e+01 9.530541047760100543e-45
1.836431999999999931e+01 9.315788025988900847e-45
1.840594000000000108e+01 9.060287025091599466e-45
1.844765999999999906e+01 8.555837454972900810e-45
1.848947000000000074e+01 8.064796133724100334e-45
1.853137999999999863e+01 7.587143399724098909e-45
1.857338999999999984e+01 7.122983580972899363e-45
1.861549000000000120e+01 6.762718578062499124e-45
1.865767999999999915e+01 6.563650587649600961e-45
1.869997000000000043e+01 6.367095203046399628e-45
1.874236000000000146e+01 6.173075189966400195e-45
1.878483999999999909e+01 5.981653483322499468e-45
1.882742000000000004e+01 5.725643197280399997e-45
1.887009000000000114e+01 5.438487265210000022e-45
1.891287000000000162e+01 5.158007543332899775e-45
1.895572999999999908e+01 4.884448558768900067e-45
1.899869999999999948e+01 4.617670007833599696e-45
1.904176000000000002e+01 4.497344033817599771e-45
1.908492000000000033e+01 4.382663758856100432e-45
1.912818000000000040e+01 4.269203215939600272e-45
1.917154000000000025e+01 4.156972755668099349e-45
1.921499000000000024e+01 4.061120332686400277e-45
1.925854999999999961e+01 3.994650810562499998e-45
1.930219999999999914e+01 3.928593108680100170e-45
1.934594999999999843e+01 3.862936985400900052e-45
1.938980000000000103e+01 3.797684995129599730e-45
1.943374999999999986e+01 3.658127967651600032e-45
1.947779999999999845e+01 3.498818323656099885e-45
1.952195000000000036e+01 3.342704888176899084e-45
1.956619999999999848e+01 3.189813055264900703e-45
1.961054999999999993e+01 3.057162136392100837e-45
1.965500000000000114e+01 2.980753789838400736e-45
1.969954999999999856e+01 2.905143164384399982e-45
1.974419999999999931e+01 2.830337888846399737e-45
1.978895999999999944e+01 2.756327700547599600e-45
1.983380999999999972e+01 2.667026303427599741e-45
1.987876999999999938e+01 2.573801776022499763e-45
1.992382999999999882e+01 2.482033396400100094e-45
1.996897999999999840e+01 2.391752820802499949e-45
2.001425000000000054e+01 2.359014786696099971e-45
2.005960999999999927e+01 2.450297520230399916e-45
2.010508000000000095e+01 2.543541956931599889e-45
2.015064999999999884e+01 2.638737175449599805e-45
2.019632999999999967e+01 2.735918682120099938e-45
2.024210000000000065e+01 2.542929730600899837e-45
2.028798000000000101e+01 2.332715157276099662e-45
2.033397000000000077e+01 2.131097353716099778e-45
2.038006000000000029e+01 1.938182134544099869e-45
2.042625999999999920e+01 1.840465770422499726e-45
2.047254999999999825e+01 1.810530583108899988e-45
2.051895999999999987e+01 1.780764040809999910e-45
2.056547000000000125e+01 1.751181452294400053e-45
2.061207999999999885e+01 1.716806188609600117e-45
2.065879999999999939e+01 1.668613840768900074e-45
2.070562999999999931e+01 1.620996434559999867e-45
2.075255999999999901e+01 1.573969145958399997e-45
2.079960000000000164e+01 1.527526225616400032e-45
2.084674000000000049e+01 1.510935205562499879e-45
2.089399999999999835e+01 1.494644311996900272e-45
2.094135999999999953e+01 1.478407883004899929e-45
2.098882000000000048e+01 1.462225709683600135e-45
2.103640000000000043e+01 1.417533042019599934e-45
2.108408000000000015e+01 1.364847313945600113e-45
2.113186999999999927e+01 1.313040448810000009e-45
2.117977000000000132e+01 1.262120833795599793e-45
2.122776999999999958e+01 1.231319328825600023e-45
2.127589000000000041e+01 1.214774827104400101e-45
2.132411000000000101e+01 1.198307610896399925e-45
2.137245000000000061e+01 1.181912890681599953e-45
2.142088999999999999e+01 1.159403862000400138e-45
2.146944999999999837e+01 1.128972768036100172e-45
2.151811000000000007e+01 1.098884709324900112e-45
2.156688000000000116e+01 1.069136969475599877e-45
2.161577000000000126e+01 1.042130752202500142e-45
2.166476000000000113e+01 1.020421691521600104e-45
2.171387000000000000e+01 9.988892991441001288e-46
2.176308999999999827e+01 9.775383686720998862e-46
2.181241999999999948e+01 9.609845000624999887e-46
2.186186000000000007e+01 9.582250261441000749e-46
2.191141000000000005e+01 9.554627195136001130e-46
2.196107999999999905e+01 9.526982269561000098e-46
2.201085000000000136e+01 9.419331842648999883e-46
2.206074999999999875e+01 9.028792992024998019e-46
2.211074999999999946e+01 8.645769856161002174e-46
2.216086999999999918e+01 8.270150869368999050e-46
2.221109999999999829e+01 7.965608720281000954e-46
2.226144000000000034e+01 7.888351921641000779e-46
2.231190000000000140e+01 7.811287137423998963e-46
2.236246999999999829e+01 7.734433777225000695e-46
2.241316000000000130e+01 7.635445559361001631e-46
2.246396000000000015e+01 7.473635102024999842e-46
2.251488000000000156e+01 7.313184404099997994e-46
2.256590999999999880e+01 7.154137777284001116e-46
2.261705999999999861e+01 7.005338497600000160e-46
2.266833000000000098e+01 6.875366456464000392e-46
2.271970999999999918e+01 6.746330916899999753e-46
2.277120999999999995e+01 6.618224453280999815e-46
2.282282000000000011e+01 6.446769824401000246e-46
2.287454999999999927e+01 6.222101203396000403e-46
2.292640000000000100e+01 6.000912504976000504e-46
2.297837000000000174e+01 5.783231377224999480e-46
2.303044999999999831e+01 5.675905997055999778e-46
2.308265000000000100e+01 5.645266704528999919e-46
2.313496999999999915e+01 5.614643986575999757e-46
2.318740999999999985e+01 5.584033659136000320e-46
2.323996999999999957e+01 5.500202253001000643e-46
2.329264999999999830e+01 5.400185868899999497e-46
2.334543999999999997e+01 5.300884593225000178e-46
2.339836000000000027e+01 5.202263037408999797e-46
2.345138999999999996e+01 5.205233124004000330e-46
2.350454999999999828e+01 5.211458911043999977e-46
2.355782999999999916e+01 5.217697555983999295e-46
2.361121999999999943e+01 5.196681022129000264e-46
2.366473999999999833e+01 5.073742735008999806e-46
2.371837999999999980e+01 4.952009046721000441e-46
2.377214000000000027e+01 4.831480951969000379e-46
2.382602999999999938e+01 4.706244294544000474e-46
2.388003000000000142e+01 4.576150969635999482e-46
2.393415999999999855e+01 4.447573091329000124e-46
2.398840999999999823e+01 4.320548859648999393e-46
2.404278000000000048e+01 4.301650217764000443e-46
2.409728000000000137e+01 4.311856403000999815e-46
2.415190000000000126e+01 4.322095471224999701e-46
2.420664000000000016e+01 4.329795225856000016e-46
2.426151000000000124e+01 4.318823799684000377e-46
2.431650000000000134e+01 4.307841385156000123e-46
2.437162000000000006e+01 4.296848077456000309e-46
2.442686000000000135e+01 4.242454717284000175e-46
2.448223000000000127e+01 4.142865372408999613e-46
2.453772000000000020e+01 4.044249705024000076e-46
2.459334000000000131e+01 3.946591479609000056e-46
2.464908000000000143e+01 3.881790491075999761e-46
2.470495000000000019e+01 3.821680927744000380e-46
2.476095000000000113e+01 3.761904630969000217e-46
2.481707000000000107e+01 3.719243389155999178e-46
2.487332999999999927e+01 3.715102051600000700e-46
2.492970000000000041e+01 3.710959168224999509e-46
2.498620999999999981e+01 3.706803193635999646e-46
2.504285000000000139e+01 3.653117383969000812e-46
2.509960999999999842e+01 3.583926051875999088e-46
2.515650000000000119e+01 3.515242510404000289e-46
2.521351999999999904e+01 3.458926712761000662e-46
2.527066999999999908e+01 3.441024999999999525e-46
2.532795000000000130e+01 3.423125328561000018e-46
2.538535999999999859e+01 3.405235427583999554e-46
2.544290000000000163e+01 3.369717391041000109e-46
2.550056999999999974e+01 3.328322248161000057e-46
2.555837000000000003e+01 3.287088659088999546e-46
2.561629999999999896e+01 3.250369082884000188e-46
2.567436999999999969e+01 3.224865315681000047e-46
2.573255999999999943e+01 3.199404761344000301e-46
2.579089000000000098e+01 3.173988101760999939e-46
2.584935000000000116e+01 3.131448768100000233e-46
2.590793999999999997e+01 3.085956242721000383e-46
2.596666000000000096e+01 3.040698937600000538e-46
2.602552000000000021e+01 3.011005800624999487e-46
2.608451000000000164e+01 3.001438441156000322e-46
2.614363000000000170e+01 2.991869008804000144e-46
2.620289000000000001e+01 2.982145618320999988e-46
2.626228000000000051e+01 2.969645706755999714e-46
2.632180999999999926e+01 2.957141093955999985e-46
2.638147000000000020e+01 2.944638840024999853e-46
2.644126999999999938e+01 2.921580003168999629e-46
2.650120000000000076e+01 2.893839874640999920e-46
2.656127000000000038e+01 2.866167736575999677e-46
2.662147999999999826e+01 2.827294279935999761e-46
2.668181999999999832e+01 2.768440082768999830e-46
2.674230000000000018e+01 2.710066627984000062e-46
2.680291000000000068e+01 2.654569611224999823e-46
2.686366999999999905e+01 2.646448957680999947e-46
2.692455999999999960e+01 2.638327749848999869e-46
2.698557999999999879e+01 2.630196316943999573e-46
2.704674999999999940e+01 2.630485003128999735e-46
2.710805999999999827e+01 2.633382472899999947e-46
2.716949999999999932e+01 2.636284784895999701e-46
2.723107999999999862e+01 2.613964634175999821e-46
2.729280999999999935e+01 2.567083292944000407e-46
2.735466999999999871e+01 2.520527738689000337e-46
2.741666999999999987e+01 2.487503061124000246e-46
2.747881999999999891e+01 2.490551109903999965e-46
2.754110000000000014e+01 2.493604183224999473e-46
2.760352999999999923e+01 2.499488274528999572e-46
2.766609000000000052e+01 2.552811453504000437e-46
2.772879999999999967e+01 2.606826597489000491e-46
2.779165000000000063e+01 2.661531216399999658e-46
2.785464999999999947e+01 2.577790802500000429e-46
2.791779000000000011e+01 2.474558663328999584e-46
2.798106999999999900e+01 2.373217275624999799e-46
2.804448999999999970e+01 2.331750378048999988e-46
2.810805999999999827e+01 2.315281776025000351e-46
2.817176999999999865e+01 2.298835148481000056e-46
2.823562000000000083e+01 2.276359755120999603e-46
2.829962000000000089e+01 2.249160078399999541e-46
2.836376999999999882e+01 2.222064254281000047e-46
2.842805999999999855e+01 2.191732202499999697e-46
2.849249000000000009e+01 2.157261812643999667e-46
2.855707999999999913e+01 2.122977217936000459e-46
2.862180000000000035e+01 2.099699533155999581e-46
2.868667999999999907e+01 2.097766966689000118e-46
2.875169999999999959e+01 2.095832394601000118e-46
2.881687000000000154e+01 2.086967393955999955e-46
2.888219000000000136e+01 2.058326787968999711e-46
2.894765999999999906e+01 2.029821379523999792e-46
2.901326999999999856e+01 2.004214984208999743e-46
2.907902999999999949e+01 1.989580775624999642e-46
2.914493999999999829e+01 1.974966462225000547e-46
2.921101000000000170e+01 1.964336796304000191e-46
2.927721999999999980e+01 1.973609141903999831e-46
2.934357999999999933e+01 1.982925850896000062e-46
2.941009000000000029e+01 1.986797373444000325e-46
2.947674999999999912e+01 1.960050400323999910e-46
2.954355999999999938e+01 1.933423506575999867e-46
2.961053000000000068e+01 1.917626726655999549e-46
2.967764999999999986e+01 1.959655615129000348e-46
2.974491000000000085e+01 2.002230660004000350e-46
2.981233999999999895e+01 2.024667176463999856e-46
2.987990999999999886e+01 1.955441453640999665e-46
2.994763999999999982e+01 1.887257750624999653e-46
3.001551999999999865e+01 1.832308762384000225e-46
3.008354999999999890e+01 1.818889190244000012e-46
3.015174000000000021e+01 1.805486691856000084e-46
3.022007999999999939e+01 1.787427280808999934e-46
3.028857999999999961e+01 1.758222960400000011e-46
3.035723000000000127e+01 1.729196070121000008e-46
3.042604000000000042e+01 1.699615438249000177e-46
3.049501000000000062e+01 1.669039199568999774e-46
3.056412999999999869e+01 1.638673931448999878e-46
3.063341000000000136e+01 1.626295719168999997e-46
3.070283999999999835e+01 1.633102529040999939e-46
3.077243999999999957e+01 1.639938921200999889e-46
3.084218999999999866e+01 1.633669978800999779e-46
3.091208999999999918e+01 1.618843986243999888e-46
3.098216000000000037e+01 1.604050113121000012e-46
3.105238999999999905e+01 1.588653534723999871e-46
3.112276999999999916e+01 1.573080350625000115e-46
3.119331000000000031e+01 1.557546432288999972e-46
3.126401999999999859e+01 1.550067330289000013e-46
3.133487999999999829e+01 1.543426068409000159e-46
3.140590999999999866e+01 1.536107402404000016e-46
3.147709000000000046e+01 1.521337230624999800e-46
3.154843999999999937e+01 1.506604043843999830e-46
3.161994999999999933e+01 1.496873947024000131e-46
3.169162000000000035e+01 1.500012562500000091e-46
3.176345999999999847e+01 1.503159369155999857e-46
3.183545000000000158e+01 1.485510004224999841e-46
3.190760999999999825e+01 1.446701378520999997e-46
3.197993999999999915e+01 1.408316225624999955e-46
3.205241999999999791e+01 1.392041303104000047e-46
3.212507000000000090e+01 1.384128720100000046e-46
3.219789000000000101e+01 1.376222265625000158e-46
3.227087000000000216e+01 1.359800871025000014e-46
3.234402000000000044e+01 1.343185963680999902e-46
3.241732999999999976e+01 1.326954244225000052e-46
3.249081000000000330e+01 1.311796843569000100e-46
3.256445000000000078e+01 1.296694625624999914e-46
3.263826999999999856e+01 1.296979322499999862e-46
3.271224999999999739e+01 1.311625048644000096e-46
3.278638999999999726e+01 1.326385249344000063e-46
3.286070999999999742e+01 1.303264259236000089e-46
3.293518999999999863e+01 1.271908028520999797e-46
3.300983999999999696e+01 1.243220540004000129e-46
3.308467000000000269e+01 1.230227032335999811e-46
3.315966000000000236e+01 1.217275303204000095e-46
3.323481999999999914e+01 1.204664295183999779e-46
3.331015000000000015e+01 1.192435608169000189e-46
3.338564999999999827e+01 1.180243232100000135e-46
3.346132000000000062e+01 1.168318868544000100e-46
3.353717000000000326e+01 1.156480858404000106e-46
3.361319000000000301e+01 1.144501994595999994e-46
3.368936999999999671e+01 1.131732141240999990e-46
3.376574000000000098e+01 1.119002193240999924e-46
3.384226999999999919e+01 1.112235999875999928e-46
3.391897999999999769e+01 1.110281582600999997e-46
3.399586000000000041e+01 1.108324672900000081e-46
3.407292000000000343e+01 1.106790265680999800e-46
3.415014999999999645e+01 1.105277947683999981e-46
3.422755999999999688e+01 1.098702276100000099e-46
3.430514000000000152e+01 1.083012781040999859e-46
3.438289000000000328e+01 1.067400988800999956e-46
3.446083000000000141e+01 1.063268260201000155e-46
3.453893999999999664e+01 1.062350735616000002e-46
3.461722999999999928e+01 1.059209414041000201e-46
3.469568999999999903e+01 1.048201249488999905e-46
3.477434000000000225e+01 1.037224107364000007e-46
3.485316000000000258e+01 1.035998265600000023e-46
3.493216000000000321e+01 1.039486280703999974e-46
3.501133000000000095e+01 1.039659611769000097e-46
3.509069000000000216e+01 1.019976783720999938e-46
3.517022999999999655e+01 1.000436047524000079e-46
3.524994999999999834e+01 9.883552985923600978e-47
3.532985000000000042e+01 9.806742840999999823e-47
3.540993000000000279e+01 9.748647617857600064e-47
3.549018999999999835e+01 9.822318359912099347e-47
3.557063000000000130e+01 9.896433547872401637e-47
3.565126000000000062e+01 9.826980935076899424e-47
3.573207000000000022e+01 9.675681094201600057e-47
3.581306000000000012e+01 9.538045942926400545e-47
3.589424000000000348e+01 9.467587740340898742e-47
3.597558999999999685e+01 9.397243394784400735e-47
3.605713999999999686e+01 9.338551284992400603e-47
3.613886999999999716e+01 9.284850673884899769e-47
3.622077999999999776e+01 9.245170566276099443e-47
3.630288000000000181e+01 9.246689827284100166e-47
3.638517000000000223e+01 9.248213059816900213e-47
3.646764000000000294e+01 9.122461914096401809e-47
3.655030000000000001e+01 8.969624205609999115e-47
3.663313999999999737e+01 8.859385732976098329e-47
3.671618000000000137e+01 8.811954261440101164e-47
3.679939999999999856e+01 8.764547119105598994e-47
3.688280999999999921e+01 8.778507545816100183e-47
3.696641000000000332e+01 8.792959181808400171e-47
3.705019999999999669e+01 8.760385305424900934e-47
3.713418000000000063e+01 8.696362603404101413e-47
3.721835000000000093e+01 8.619332444929601212e-47
3.730270999999999759e+01 8.495673897120398805e-47
3.738725999999999772e+01 8.372632474368100495e-47
3.747200999999999738e+01 8.383698731251600485e-47
3.755693999999999733e+01 8.418592823352099364e-47
3.764206999999999681e+01 1.705722197088999811e-46
3.772738999999999976e+01 4.376384504361000256e-46
3.781291000000000224e+01 6.969652800100000433e-46
3.789862000000000108e+01 3.377383870755999987e-46
3.798452000000000339e+01 1.068628725025000047e-46
3.807061999999999813e+01 7.820218624000000097e-47
3.815691000000000344e+01 7.722578035240000173e-47
3.824340000000000117e+01 7.650528569289999722e-47
3.833008000000000237e+01 7.603658625081599277e-47
3.841696000000000311e+01 7.565955306249999915e-47
3.850404000000000337e+01 7.565941389056399624e-47
3.859131000000000000e+01 7.565929211522499492e-47
3.867878999999999934e+01 7.461248717390399442e-47
3.876646000000000214e+01 7.345628140089598948e-47
3.885432999999999737e+01 7.279487042408099498e-47
3.894239999999999924e+01 7.243655927508900815e-47
3.903065999999999747e+01 7.196076305496100556e-47
3.911912999999999840e+01 7.126498337588099232e-47
3.920779999999999887e+01 7.055672403802500434e-47
3.929666999999999888e+01 6.970276199712399076e-47
3.938575000000000159e+01 6.885202443494399252e-47
3.947502000000000066e+01 6.883747101722500084e-47
3.956448999999999927e+01 6.898197808052101058e-47
3.965417000000000058e+01 6.852452242611598514e-47
3.974405000000000143e+01 6.767449605540099575e-47
3.983413999999999788e+01 6.719839963636899974e-47
3.992443000000000097e+01 6.733165801456898707e-47
4.001491999999999649e+01 6.739730229139599477e-47
4.010562000000000182e+01 6.711815404948900143e-47
4.019653000000000276e+01 6.683894740908098879e-47
4.028764000000000323e+01 6.643669805864099054e-47
4.037895999999999930e+01 6.602987701912898716e-47
4.047048000000000201e+01 6.577485742890000053e-47
4.056222000000000349e+01 6.556498792284101206e-47
4.065415999999999741e+01 6.499565051214400760e-47
4.074629999999999797e+01 6.417804365440000213e-47
4.083865999999999730e+01 6.317782560870400111e-47
4.093122999999999934e+01 6.192693698068901165e-47
4.102400000000000091e+01 6.315019982410000111e-47
4.111699000000000126e+01 7.180882853208100985e-47
4.121018999999999721e+01 7.892025006184900333e-47
4.130360000000000298e+01 6.929633461136401011e-47
4.139721999999999724e+01 6.027843823856098955e-47
4.149105000000000132e+01 5.971328258896900328e-47
4.158509999999999707e+01 5.939701664691600326e-47
4.167934999999999945e+01 5.901281672040000720e-47
4.177382999999999669e+01 5.861617345440000196e-47
4.186851000000000056e+01 5.853741845062498937e-47
4.196341000000000321e+01 5.858021052044099227e-47
4.205852999999999753e+01 5.817489679900899578e-47
4.215386000000000166e+01 5.749112164410000376e-47
4.224940999999999747e+01 5.694439491480098787e-47
4.234517000000000309e+01 5.652456423152399476e-47
4.244116000000000355e+01 5.628459531763599236e-47
4.253735000000000355e+01 5.628393511664398992e-47
4.263376999999999839e+01 5.633401634880101129e-47
4.273040999999999912e+01 5.647872704428899106e-47
4.282726000000000255e+01 5.642143041639999520e-47
4.292434000000000083e+01 5.584780651332099052e-47
4.302163000000000181e+01 5.562306169956899396e-47
4.311914999999999765e+01 5.662169701812099497e-47
4.321688000000000329e+01 5.723924149824399045e-47
4.331483999999999668e+01 5.598732737102399903e-47
4.341302000000000305e+01 5.484116365232398860e-47
4.351142000000000110e+01 5.432034921475600363e-47
4.361003999999999792e+01 5.382586096532100715e-47
4.370888999999999669e+01 5.355256783344399552e-47
4.380796999999999741e+01 5.326731401491599326e-47
4.390726000000000084e+01 5.284496145811600756e-47
4.400677999999999912e+01 5.241350224008900292e-47
4.410652999999999935e+01 5.184879877332099577e-47
4.420649999999999835e+01 5.131225084804900178e-47
4.430671000000000248e+01 5.115538098540101371e-47
4.440713000000000221e+01 5.102402047209998479e-47
4.450778999999999996e+01 5.122841770440898676e-47
4.460866999999999649e+01 5.132720881860100640e-47
4.470978000000000208e+01 5.029742851662399259e-47
4.481112000000000251e+01 4.935523350758400652e-47
4.491270000000000095e+01 4.906231980250000270e-47
4.501449999999999818e+01 4.880300838722500775e-47
4.511652999999999736e+01 4.874487495300900321e-47
4.521878999999999849e+01 4.865186655792098575e-47
4.532128999999999763e+01 4.840417635072101115e-47
4.542401000000000266e+01 4.814015953272099865e-47
4.552696999999999861e+01 4.782246671364100436e-47
4.563016999999999967e+01 4.745468367769600341e-47
4.573358999999999952e+01 4.696584310456900632e-47
4.583726000000000056e+01 4.655496653439999404e-47
4.594115000000000038e+01 4.628142127202500834e-47
4.604527999999999821e+01 4.621202903124899280e-47
4.614965000000000117e+01 4.640872563602500003e-47
4.625426000000000215e+01 4.622396699004100935e-47
4.635909999999999798e+01 4.568573021088400633e-47
4.646417999999999893e+01 4.536413138409999730e-47
4.656949999999999790e+01 4.517986623040898816e-47
4.667504999999999882e+01 4.500858781633599672e-47
4.678085000000000093e+01 4.484252295993600866e-47
4.688687999999999789e+01 4.478476454816399699e-47
4.699316000000000315e+01 4.475086857288098694e-47
4.709967999999999932e+01 4.418226335667599738e-47
4.720644000000000062e+01 4.361358206736399936e-47
4.731343999999999994e+01 4.357606588108900409e-47
4.742067999999999728e+01 4.350171510988899575e-47
4.752817000000000291e+01 4.327324149759999806e-47
4.763589000000000340e+01 4.304584183048899543e-47
4.774387000000000114e+01 4.282044157528900203e-47
4.785208999999999691e+01 4.270583290090000306e-47
4.796054999999999779e+01 4.271068198628100602e-47
4.806925999999999988e+01 4.258456471922499605e-47
4.817822000000000315e+01 4.238374567839999777e-47
4.828741999999999734e+01 4.201519613956900220e-47
4.839686999999999983e+01 4.160575086350400513e-47
4.850657000000000352e+01 4.133540986464400086e-47
4.861650999999999812e+01 4.112048970067599895e-47
4.872670999999999708e+01 4.119519104910399815e-47
4.883715999999999724e+01 4.104000062500900131e-47
4.894785000000000252e+01 4.043264601688900081e-47
4.905879999999999797e+01 3.998548873446400515e-47
4.917000000000000171e+01 3.967891277440000275e-47
4.928144999999999953e+01 3.960182382800400528e-47
4.939314999999999856e+01 3.960924991374399798e-47
4.950511000000000195e+01 3.936615032002500049e-47
4.961731999999999942e+01 3.910022160228899358e-47
4.972977999999999810e+01 3.879768783084100341e-47
4.984250999999999721e+01 3.864380301939599732e-47
4.995548000000000144e+01 3.873536280307599745e-47
5.006871000000000294e+01 3.860114533232399604e-47
5.018220000000000169e+01 3.832061883322500072e-47
5.029594000000000165e+01 3.799717671422499576e-47
5.040995000000000203e+01 3.767787980936099793e-47
5.052420999999999651e+01 3.747997372392100278e-47
5.063873000000000246e+01 3.730092107270399906e-47
5.075350999999999857e+01 3.715860695779599894e-47
5.086854999999999905e+01 3.716306920710399809e-47
5.098384999999999678e+01 3.726752081236899737e-47
5.109940999999999889e+01 3.694975483416099679e-47
5.121524000000000143e+01 3.661561757505600053e-47
5.133131999999999806e+01 3.662087010432400234e-47
5.144767000000000223e+01 3.648625094822500193e-47
5.156428999999999974e+01 3.615039675040000156e-47
5.168115999999999843e+01 3.585700627718399745e-47
5.179831000000000074e+01 3.558240607980099576e-47
5.191572000000000031e+01 3.553297259011599960e-47
5.203338999999999714e+01 3.547699745004900285e-47
5.215133000000000152e+01 3.539622897772899780e-47
5.226953999999999922e+01 3.517654748432400264e-47
5.238801999999999737e+01 3.486014444550399563e-47
5.250675999999999988e+01 3.466028951540099903e-47
5.262577000000000282e+01 3.454846230643599558e-47
5.274506000000000228e+01 3.470838186992399926e-47
5.286460999999999899e+01 3.471641818009599394e-47
5.298443999999999932e+01 3.459463015840000239e-47
5.310452999999999690e+01 3.452144149502499883e-47
5.322489999999999810e+01 3.460550043073600566e-47
5.334555000000000291e+01 3.527039067654400510e-47
5.346645999999999788e+01 3.524899017139599655e-47
5.358764999999999645e+01 3.466280932516900238e-47
5.370911000000000257e+01 3.441219684848100390e-47
5.383084999999999809e+01 3.424884176700099718e-47
5.395286999999999722e+01 3.423095962272899433e-47
5.407515999999999678e+01 3.471270627900100127e-47
5.419772999999999996e+01 3.551703478668900084e-47
5.432057999999999964e+01 3.446697365616400162e-47
5.444369999999999976e+01 3.395046785020900103e-47
5.456710999999999956e+01 3.445033765248099972e-47
5.469078999999999979e+01 3.454722798072100242e-47
5.481475999999999971e+01 3.449725044609600478e-47
5.493900000000000006e+01 3.445033765248099972e-47
5.506353000000000009e+01 3.391402578062500134e-47
5.518833999999999662e+01 3.291684078240000149e-47
5.531342999999999677e+01 3.249116281040400315e-47
5.543880999999999659e+01 3.227960133219600012e-47
5.556447000000000003e+01 3.241462137145599881e-47
5.569040999999999997e+01 3.208608443376400070e-47
5.581663999999999959e+01 3.166966791156099807e-47
5.594315999999999889e+01 3.186279614179599830e-47
5.606996000000000180e+01 3.257005445232400272e-47
5.619704999999999728e+01 3.371215585108899571e-47
5.632442999999999955e+01 3.288905507040400180e-47
5.645210000000000150e+01 3.223748097363600211e-47
5.658006000000000313e+01 3.189312676000000587e-47
5.670830000000000126e+01 3.145551902448400526e-47
5.683684000000000225e+01 3.102063352668899906e-47
5.696567000000000291e+01 3.063242810764900179e-47
5.709479000000000326e+01 3.090004620596100267e-47
5.722420000000000329e+01 3.139572696972099774e-47
5.735390999999999906e+01 3.183528974472900507e-47
5.748391000000000162e+01 3.161730804732900027e-47
5.761420999999999992e+01 3.110102169524099587e-47
5.774479999999999791e+01 3.108954564000000037e-47
5.787568000000000268e+01 3.092535495724899723e-47
5.800686999999999927e+01 3.074342085562500175e-47
5.813835000000000264e+01 3.227305655984399880e-47
5.827013000000000176e+01 3.703886043393600048e-47
5.840220999999999663e+01 4.504353425670399565e-47
5.853457999999999828e+01 4.018089254559999771e-47
5.866725999999999885e+01 3.574695822337600310e-47
5.880024000000000228e+01 3.171883827470399737e-47
5.893352000000000146e+01 3.201693603920099912e-47
5.906710000000000349e+01 3.182355489016900358e-47
5.920098000000000127e+01 3.114296242574400376e-47
5.933516999999999797e+01 3.012732063489600326e-47
5.946965999999999752e+01 3.019202480452900211e-47
5.960446000000000311e+01 3.129941488974400137e-47
5.973955999999999733e+01 3.332989597202499636e-47
5.987496999999999758e+01 1.107998338225000053e-46
6.001068000000000069e+01 3.110895195529000134e-46
6.014670000000000272e+01 8.018221062030401018e-47
6.028303999999999974e+01 3.075467757610000210e-47
6.041967999999999961e+01 3.051917214105600165e-47
6.055662999999999840e+01 2.956095812600099997e-47
6.069389000000000323e+01 2.901927339811600537e-47
6.083145999999999987e+01 2.867391516880899722e-47
6.096934000000000253e+01 2.835187632390400364e-47
6.110754000000000019e+01 2.831100841448100410e-47
6.124604999999999677e+01 2.834672229889600088e-47
6.138486999999999938e+01 2.837534157620100036e-47
6.152400999999999698e+01 2.827189270542399430e-47
6.166346000000000060e+01 2.808885521166400148e-47
6.180322999999999922e+01 2.783834975443599811e-47
6.194330999999999676e+01 2.793342360326399969e-47
6.208371999999999957e+01 2.825606050344899691e-47
6.222444000000000131e+01 2.851606992193600473e-47
6.236547999999999803e+01 2.773190399988099509e-47
6.250683999999999685e+01 2.730090715072899532e-47
6.264851999999999776e+01 2.708598753639999865e-47
6.279052000000000078e+01 2.706878445628900126e-47
6.293285000000000196e+01 2.687056944448899678e-47
6.307549000000000206e+01 2.667901211992900249e-47
6.321846000000000032e+01 2.654449505822500120e-47
6.336175999999999675e+01 2.667838197254399856e-47
6.350538000000000238e+01 2.660469578467600133e-47
6.364932000000000301e+01 2.639528311795599821e-47
6.379359000000000179e+01 2.607103176040000421e-47
6.393818999999999875e+01 2.581105348976400414e-47
6.408311000000000490e+01 2.570840855971600195e-47
6.422836999999999819e+01 2.571004123704900284e-47
6.437394999999999357e+01 2.566909799502399958e-47
6.451985999999999422e+01 2.678797400410000377e-47
6.466611000000000331e+01 2.683396438280099914e-47
6.481268000000000029e+01 2.540996708889999935e-47
6.495959000000000572e+01 2.547893204755600144e-47
6.510683000000000220e+01 2.543762860632899481e-47
6.525440000000000396e+01 2.557433120944899473e-47
6.540230999999999995e+01 2.607543330092099725e-47
6.555055000000000121e+01 2.551472246409999640e-47
6.569912999999999670e+01 2.524174158145600328e-47
6.584805000000000064e+01 2.506194832848099780e-47
6.599729999999999563e+01 2.477997624660100282e-47
6.614690000000000225e+01 2.449890643176899523e-47
6.629682999999999993e+01 2.440350120010000067e-47
6.644710000000000605e+01 2.450647996160399729e-47
6.659771000000000640e+01 2.482356240562499868e-47
6.674867000000000417e+01 2.462443121460099846e-47
6.689995999999999299e+01 2.481945713956899629e-47
6.705159999999999343e+01 2.498523218152899741e-47
6.720358000000000231e+01 2.468606180904899906e-47
6.735590999999999440e+01 2.428139944345599754e-47
6.750857999999999493e+01 2.399850597592900065e-47
6.766160000000000707e+01 2.381257491496900003e-47
6.781495999999999924e+01 2.370160092804099999e-47
6.796867000000000303e+01 2.362814465264100340e-47
6.812273999999999319e+01 2.403078049439999461e-47
6.827715000000000600e+01 2.413723491715599685e-47
6.843191000000000201e+01 2.378937217922499981e-47
6.858701000000000647e+01 2.332120161520899947e-47
6.874248000000000047e+01 2.313478207876899864e-47
6.889829000000000292e+01 2.314473956640399982e-47
6.905446000000000595e+01 2.326727131545600203e-47
6.921098000000000638e+01 2.339120991091600486e-47
6.936785999999999319e+01 2.322352240824100269e-47
6.952509000000000583e+01 2.291422970816099597e-47
6.968268000000000484e+01 2.277325336968899893e-47
6.984063000000000443e+01 2.281715904636099932e-47
6.999893000000000143e+01 2.286138432416399879e-47
7.015758999999999901e+01 2.264469271873599793e-47
7.031660999999999717e+01 2.269048448320899988e-47
7.047599999999999909e+01 2.271132460960000204e-47
7.063573999999999842e+01 2.262844962196900027e-47
7.079585000000000150e+01 2.264891859174399995e-47
7.095632000000000517e+01 2.238203929315600051e-47
7.111714999999999520e+01 2.234812166439999977e-47
7.127835000000000321e+01 2.230943063779599857e-47
7.143990999999999758e+01 2.226527089488100181e-47
7.160183999999999571e+01 2.250707308224399900e-47
7.176412999999999442e+01 2.244878614022500228e-47
7.192680000000000007e+01 2.234603221128099947e-47
7.208983000000000629e+01 2.222213540929599980e-47
7.225323000000000206e+01 2.212063581456400070e-47
7.241700000000000159e+01 2.207844891044100391e-47
7.258114999999999384e+01 2.202382663202500132e-47
7.274566000000000088e+01 2.217046193670400250e-47
7.291055000000000064e+01 2.197719398425599894e-47
7.307581000000000415e+01 2.179943960616900089e-47
7.324145000000000039e+01 2.184053670499600303e-47
7.340746000000000038e+01 2.183368605840899662e-47
7.357384999999999309e+01 2.151128517667599825e-47
7.374062000000000694e+01 2.155343763462400281e-47
7.390775999999999613e+01 2.147556866227599854e-47
7.407528000000000645e+01 2.161056044865599568e-47
7.424317999999999529e+01 2.190019109569600438e-47
7.441146999999999423e+01 2.152264056250000030e-47
7.458012999999999693e+01 2.140897168228899711e-47
7.474917999999999552e+01 2.137077910531599739e-47
7.491861000000000104e+01 2.155686398596899968e-47
7.508841999999999928e+01 2.151438348960000238e-47
7.525861999999999341e+01 2.121239879886400177e-47
7.542920999999999765e+01 2.152011688448399990e-47
7.560017999999999461e+01 2.456373010476100278e-47
7.577154000000000167e+01 2.214564539905600085e-47
7.594328000000000145e+01 2.158910730246399694e-47
7.611542000000000030e+01 2.161512572884899948e-47
7.628794999999999504e+01 2.138325338520900238e-47
7.646085999999999672e+01 2.092509876481600035e-47
7.663416999999999746e+01 2.077103412562499901e-47
7.680786999999999409e+01 2.089018325408399760e-47
7.698197000000000401e+01 2.055480745508100082e-47
7.715645999999999560e+01 2.058949612922500186e-47
7.733135000000000048e+01 2.061179976048400416e-47
7.750663000000000125e+01 2.058135654222399818e-47
7.768231000000000108e+01 2.056464685027600272e-47
7.785838999999999999e+01 2.051863506250000038e-47
7.803486999999999796e+01 2.038555008129599859e-47
7.821174000000000603e+01 2.044946980788099679e-47
7.838902000000000214e+01 2.017789330436099835e-47
7.856669999999999732e+01 2.019544279635600289e-47
7.874478000000000577e+01 2.033072929952099726e-47
7.892327000000000226e+01 2.024466335164900051e-47
7.910215999999999781e+01 2.009840976562500115e-47
7.928145999999999560e+01 2.018724669248399923e-47
7.946116000000000668e+01 2.036196133092900270e-47
7.964127000000000578e+01 2.019371716256399771e-47
7.982178999999999292e+01 1.991623574312099869e-47
8.000271999999999650e+01 1.991334397896899753e-47
8.018404999999999916e+01 1.995786826092900096e-47
8.036579999999999302e+01 1.997601011920900129e-47
8.054796000000000333e+01 1.983025101568899973e-47
8.073054000000000485e+01 1.970865415024899819e-47
8.091352999999999440e+01 1.975602480062499971e-47
8.109693000000000040e+01 1.970760645562500361e-47
8.128073999999999444e+01 1.955205877644099930e-47
8.146497999999999706e+01 1.948245141544899829e-47
8.164963000000000193e+01 1.954132419024900008e-47
8.183469999999999800e+01 1.976997496633600182e-47
8.202018999999999949e+01 1.951056038977600116e-47
8.220610000000000639e+01 1.950790140062500003e-47
8.239243000000000450e+01 1.975911848512900092e-47
8.257918999999999699e+01 1.958984778576399806e-47
8.276636999999999489e+01 1.943307362361599788e-47
8.295396999999999821e+01 1.931825772451600138e-47
8.314199000000000694e+01 1.919278423584899846e-47
8.333044999999999902e+01 1.926937829609999631e-47
8.351932999999999652e+01 1.945127532960000234e-47
8.370864000000000260e+01 1.939324305817600063e-47
8.389838000000000306e+01 1.924584796608099904e-47
8.408853999999999473e+01 1.915243932249999887e-47
8.427913999999999817e+01 1.911445395206399899e-47
8.447016999999999598e+01 1.923907502016899784e-47
8.466164000000000556e+01 1.925381559888899785e-47
8.485353000000000634e+01 1.897137331699600043e-47
8.504586999999999364e+01 1.884482796996900167e-47
8.523864000000000374e+01 1.886459366892100228e-47
8.543183999999999401e+01 1.890715631169599924e-47
8.562547999999999604e+01 1.889092348416100390e-47
8.581956999999999880e+01 1.876969842480100008e-47
8.601408999999999594e+01 1.872758514144400179e-47
8.620905000000000484e+01 1.870589315096100223e-47
8.640446000000000026e+01 1.893486471924099998e-47
8.660030999999999324e+01 1.860897397134400347e-47
8.679659999999999798e+01 1.866297024435600223e-47
8.699334000000000344e+01 1.842898182420099836e-47
8.719052000000000646e+01 1.858064301772899751e-47
8.738814999999999600e+01 1.864109120608900074e-47
8.758623000000000047e+01 1.845683608416400194e-47
8.778475000000000250e+01 1.852809179832900394e-47
8.798372999999999422e+01 1.856501633379600089e-47
8.818316000000000088e+01 1.857497941689999974e-47
8.838303999999999405e+01 1.828462925880900286e-47
8.858337000000000216e+01 1.844184559360899768e-47
8.878415999999999997e+01 1.820840697116099792e-47
8.898539999999999850e+01 1.809050985043599787e-47
8.918710000000000093e+01 1.812837545404899919e-47
8.938925000000000409e+01 1.806167550940900171e-47
8.959187000000000012e+01 1.898317015302400226e-47
8.979493999999999687e+01 1.822224363750400312e-47
8.999846999999999753e+01 1.816888067500900257e-47
9.020247000000000526e+01 1.787146878115599910e-47
9.040691999999999950e+01 1.791762865808400275e-47
9.061184000000000083e+01 1.786536484153599635e-47
9.081722999999999502e+01 1.792214970393600024e-47
9.102307999999999311e+01 1.807315207000900354e-47
9.122938999999999510e+01 1.795736393776899774e-47
9.143617999999999313e+01 1.812691933518399851e-47
9.164342999999999506e+01 1.825145359758399917e-47
9.185115999999999303e+01 1.798366371122499818e-47
9.205934999999999491e+01 1.808600163969600176e-47
9.226802000000000703e+01 1.787608547214399804e-47
9.247714999999999463e+01 1.779415612934400007e-47
9.268676999999999566e+01 1.773519087448899817e-47
9.289686000000000377e+01 1.772726606137600081e-47
9.310742000000000473e+01 1.767243049188100215e-47
9.331846000000000174e+01 1.754119514484099854e-47
9.352997999999999479e+01 1.770000173676900033e-47
9.374197999999999809e+01 1.756298903568400255e-47
9.395445999999999742e+01 1.753838914899599846e-47
9.416742000000000701e+01 1.750340426184900124e-47
9.438085999999999842e+01 1.739253643009600259e-47
9.459479000000000326e+01 1.734704174048400243e-47
9.480920999999999310e+01 1.726056821305600140e-47
9.502410000000000423e+01 1.734603383044899895e-47
9.523949000000000353e+01 1.731792411336100246e-47
9.545535999999999888e+01 1.728937980250000289e-47
9.567172999999999661e+01 1.726350147396899796e-47
9.588858000000000459e+01 1.718009653254399902e-47
9.610593000000000075e+01 1.723935312090000345e-47
9.632375999999999294e+01 1.719731871122499804e-47
9.654210000000000491e+01 1.711699477836100204e-47
9.676091999999999871e+01 1.720184749512100114e-47
9.698023999999999489e+01 1.704463610522499932e-47
9.720005999999999347e+01 1.723290147000899975e-47
9.742037999999999442e+01 1.704713807712399805e-47
9.764119999999999777e+01 1.692077529916900299e-47
9.786252000000000351e+01 1.692511119219599950e-47
9.808433999999999742e+01 1.689305353345600315e-47
9.830665999999999372e+01 1.688283733012900227e-47
9.852948000000000661e+01 1.696375558926399692e-47
9.875281999999999982e+01 1.680330946585599974e-47
9.897665000000000646e+01 1.673883388134399765e-47
9.920099999999999341e+01 1.678209059402500281e-47
9.942584999999999695e+01 1.671297042249999732e-47
9.965121000000000606e+01 1.671116350904099824e-47
9.987708999999999548e+01 1.676620775833600123e-47
1.001034999999999968e+02 1.662988010062499877e-47
1.003303999999999974e+02 1.654140815476899816e-47
1.005578000000000003e+02 1.649976276009999801e-47
1.007857000000000056e+02 1.650211879840000208e-47
1.010142000000000024e+02 1.647924796729599940e-47
1.012430999999999983e+02 1.643031908548899767e-47
1.014725999999999999e+02 1.641955493102499852e-47
1.017026000000000039e+02 1.638770463792900104e-47
1.019330999999999960e+02 1.635160673894400228e-47
1.021641999999999939e+02 1.632476751366400138e-47
1.023957999999999942e+02 1.634342329000000070e-47
1.026277999999999935e+02 1.628685027580899813e-47
1.028605000000000018e+02 1.630078448092900270e-47
1.030935999999999950e+02 1.623454128252100322e-47
1.033272999999999939e+02 1.621644711122499991e-47
1.035614999999999952e+02 1.619305888360000187e-47
1.037961999999999989e+02 1.623455739936899979e-47
1.040314999999999941e+02 1.614748230244900083e-47
1.042673000000000059e+02 1.614839047203600021e-47
1.045036000000000058e+02 1.615439467800900099e-47
1.047404999999999973e+02 1.608555406240000030e-47
1.049779000000000053e+02 1.611393812308899836e-47
1.052159000000000049e+02 1.608813704400399857e-47
1.054544000000000068e+02 1.604527999033600192e-47
1.056933999999999969e+02 1.602819641152899856e-47
1.059330000000000069e+02 1.597152468072100135e-47
1.061731000000000051e+02 1.597995828003600044e-47
1.064137000000000057e+02 1.592709124737599986e-47
1.066548999999999978e+02 1.594147761168399917e-47
1.068966999999999956e+02 1.593668675808400081e-47
1.071389999999999958e+02 1.588138864131600093e-47
1.073817999999999984e+02 1.589878457958400071e-47
1.076252000000000066e+02 1.588975855041599957e-47
1.078692000000000064e+02 1.586809697648399729e-47
1.081136999999999944e+02 1.582958420688099857e-47
1.083586999999999989e+02 1.579920198204099951e-47
1.086042999999999950e+02 1.578839231852099756e-47
1.088504999999999967e+02 1.576077296025600037e-47
1.090972000000000008e+02 1.569797491248900358e-47
1.093444999999999965e+02 1.571777563922500124e-47
1.095922999999999945e+02 1.571723646300899833e-47
1.098406999999999982e+02 1.563757198696900199e-47
1.100896999999999935e+02 1.565743747470399772e-47
1.103392999999999944e+02 1.562625643603599939e-47
1.105893999999999977e+02 1.557708815552399662e-47
1.108400000000000034e+02 1.563595861828899913e-47
1.110913000000000039e+02 1.559539870820100057e-47
1.113431000000000068e+02 1.557436499496900261e-47
1.115953999999999979e+02 1.550248090776099957e-47
1.118483999999999980e+02 1.549596139308100109e-47
1.121019000000000005e+02 1.548625552656400037e-47
1.123559999999999945e+02 1.554712282425600248e-47
1.126106999999999942e+02 1.542082634809600312e-47
1.128658999999999963e+02 1.542715721856400054e-47
1.131217999999999932e+02 1.544045156035600190e-47
1.133782000000000068e+02 1.537220998908100214e-47
1.136350999999999942e+02 1.539683425439999909e-47
1.138927000000000049e+02 1.532359209529599962e-47
1.141508999999999929e+02 1.530918998841599907e-47
1.144095999999999975e+02 1.529074327424400130e-47
1.146688999999999936e+02 1.530009823315599849e-47
1.149287999999999954e+02 1.530401001715599838e-47
1.151894000000000062e+02 1.534295950608100121e-47
1.154504000000000019e+02 1.529299571187600265e-47
1.157121000000000066e+02 1.521766056432399627e-47
1.159744000000000028e+02 1.527958520592100002e-47
1.162373000000000047e+02 1.516132800002500014e-47
1.165006999999999948e+02 1.519574494158400007e-47
1.167647999999999939e+02 1.522510454809600167e-47
1.170294999999999987e+02 1.515779267660100282e-47
1.172947000000000060e+02 1.513031065289999850e-47
1.175605999999999938e+02 1.515982504784399974e-47
1.178271000000000015e+02 1.506443535184900028e-47
1.180940999999999974e+02 1.514120396889999606e-47
1.183618000000000023e+02 1.512730789945599725e-47
1.186300999999999988e+02 1.505812503039999983e-47
1.188990000000000009e+02 1.498337908056900271e-47
1.191684999999999945e+02 1.496082059808400156e-47
1.194385999999999939e+02 1.495811317518399779e-47
1.197092999999999989e+02 1.501497400705600089e-47
1.199806999999999988e+02 1.493055009604900237e-47
1.202526000000000010e+02 1.501475701254400192e-47
1.205251999999999981e+02 1.497573128280099964e-47
1.207984000000000009e+02 1.485878147468099999e-47
1.210721999999999952e+02 1.492437605126399917e-47
1.213465999999999951e+02 1.490278080974400167e-47
1.216217000000000041e+02 1.482018239060100267e-47
1.218973000000000013e+02 1.486362338356900361e-47
1.221735999999999933e+02 1.478003415936100123e-47
1.224505999999999943e+02 1.486241283239999875e-47
1.227280999999999977e+02 1.482647346625599843e-47
1.230062999999999960e+02 1.473068153524899906e-47
1.232850999999999999e+02 1.475212872250000042e-47
1.235644999999999953e+02 1.475427967689999671e-47
1.238445999999999998e+02 1.467554197168900046e-47
1.241252999999999957e+02 1.471931540377600240e-47
1.244067000000000007e+02 1.464083187955600195e-47
1.246886999999999972e+02 1.473248547726400046e-47
1.249712999999999994e+02 1.468938232492900088e-47
1.252545999999999964e+02 1.461814286342400217e-47
1.255384999999999991e+02 1.460524566576099907e-47
1.258229999999999933e+02 1.463992122622499966e-47
1.261081999999999965e+02 1.456730575779600067e-47
1.263940999999999946e+02 1.460103447689999895e-47
1.266804999999999950e+02 1.461490082713600261e-47
1.269676999999999936e+02 1.451430935522500175e-47
1.272554999999999978e+02 1.458029311222499991e-47
1.275438999999999936e+02 1.458153030492900201e-47
1.278329999999999984e+02 1.445080161924099929e-47
1.281228000000000122e+02 1.443415619136100017e-47
1.284131999999999891e+02 1.442661190464400099e-47
1.287042999999999893e+02 1.450616522041600161e-47
1.289960000000000093e+02 1.454240852940100032e-47
1.292883999999999958e+02 1.459683917756100086e-47
1.295814000000000021e+02 1.435983277696899806e-47
1.298751000000000033e+02 1.434224002322499666e-47
1.301694999999999993e+02 1.432663378291599752e-47
1.304645999999999901e+02 1.432907903212899898e-47
1.307603000000000009e+02 1.430732894500899975e-47
1.310567000000000064e+02 1.428189913960000276e-47
1.313537000000000035e+02 1.426733804736900088e-47
1.316514999999999986e+02 1.431683973759999777e-47
1.319499000000000137e+02 1.427235462712900008e-47
1.322488999999999919e+02 1.441576617609999654e-47
1.325486999999999966e+02 1.425159141638399895e-47
1.328491999999999962e+02 1.419219516600900253e-47
1.331502999999999872e+02 1.417764976368399643e-47
1.334521000000000015e+02 1.416451183492899753e-47
1.337546000000000106e+02 1.415258380806400196e-47
1.340577000000000112e+02 1.423359728953599887e-47
1.343616000000000099e+02 1.418005967216399946e-47
1.346661000000000001e+02 1.411059354964900051e-47
1.349713999999999885e+02 1.438216881868899770e-47
1.352772999999999968e+02 1.434814853102500159e-47
1.355838999999999999e+02 1.406256750008099938e-47
1.358913000000000011e+02 1.405147716090000025e-47
1.361992999999999938e+02 1.403869758062500067e-47
1.365080000000000098e+02 1.402629083856100110e-47
1.368173999999999921e+02 1.401005648600099818e-47
1.371274999999999977e+02 1.399446748272399983e-47
1.374384000000000015e+02 1.398012847800099910e-47
1.377498999999999967e+02 1.396963133440899855e-47
1.380620999999999867e+02 1.395586542002499948e-47
1.383750000000000000e+02 1.394164329020100060e-47
1.386887000000000114e+02 1.392958555969600086e-47
1.390029999999999859e+02 1.391339982448900134e-47
1.393180999999999869e+02 1.390148108396099950e-47
1.396339000000000112e+02 1.388860593456399881e-47
1.399504000000000019e+02 1.403125737222399886e-47
1.402675999999999874e+02 1.386192038559999893e-47
1.405855999999999995e+02 1.384903380204099834e-47
1.409042000000000030e+02 1.383233706422499914e-47
1.412236000000000047e+02 1.382070589964100218e-47
1.415437000000000012e+02 1.380741488388899971e-47
1.418644999999999925e+02 1.379360287267599917e-47
1.421861000000000104e+02 1.378310917872100068e-47
1.425083999999999946e+02 1.376779540800399797e-47
1.428314000000000021e+02 1.375591695660900218e-47
1.431551000000000045e+02 1.374448851073599989e-47
1.434796000000000049e+02 1.372992987366400078e-47
1.438048000000000002e+02 1.376022703248400177e-47
1.441307999999999936e+02 1.371532710324099702e-47
1.444575000000000102e+02 1.369490663956900196e-47
1.447848999999999933e+02 1.367978990440000151e-47
1.451131000000000029e+02 1.366780900000000010e-47
1.454420000000000073e+02 1.365496124864400235e-47
1.457717000000000098e+02 1.364078990233599934e-47
1.461021000000000072e+02 1.363095260814399778e-47
1.464331999999999994e+02 1.361751699686400034e-47
1.467651999999999930e+02 1.360597652238400099e-47
1.470978000000000065e+02 1.359344545104100079e-47
1.474311999999999898e+02 1.361627712057599942e-47
1.477653999999999996e+02 1.360884642628900134e-47
1.481003000000000043e+02 1.357504653148899972e-47
1.484360000000000070e+02 1.354783222464400044e-47
1.487725000000000080e+02 1.353560757192899896e-47
1.491097000000000037e+02 1.351969656339599902e-47
1.494476999999999975e+02 1.354661024718399910e-47
1.497863999999999862e+02 1.353566643722500135e-47
1.501259000000000015e+02 1.353443029288900062e-47
1.504661999999999864e+02 1.355442154668900252e-47
1.508072999999999979e+02 1.348004442432400282e-47
1.511491000000000042e+02 1.345747404424900054e-47
1.514917000000000087e+02 1.343767907353600133e-47
1.518351000000000113e+02 1.342608316224400038e-47
1.521792000000000087e+02 1.341753237002499990e-47
1.525242000000000075e+02 1.340498588352400263e-47
1.528699000000000012e+02 1.339256969139600000e-47
1.532163999999999930e+02 1.338383934244899811e-47
1.535637000000000114e+02 1.338765897722499899e-47
1.539117999999999995e+02 1.335654702492100141e-47
1.542606000000000108e+02 1.334481813913599984e-47
1.546102999999999952e+02 1.333278038246399726e-47
1.549607000000000028e+02 1.332406224579600159e-47
1.553119000000000085e+02 1.331139901344100271e-47
1.556639999999999873e+02 1.330276811161600114e-47
1.560167999999999893e+02 1.329504426016900265e-47
1.563704999999999927e+02 1.327904938584899774e-47
1.567248999999999910e+02 1.326666981433600095e-47
1.570800999999999874e+02 1.325466736441600068e-47
1.574362000000000137e+02 1.324466461968399745e-47
1.577930000000000064e+02 1.323511676009999924e-47
1.581507000000000005e+02 1.322345586964899914e-47
1.585091999999999928e+02 1.321445365856100126e-47
1.588684000000000083e+02 1.320186443296900172e-47
1.592284999999999968e+02 1.319050148812900019e-47
1.595894999999999868e+02 1.318164120640900127e-47
1.599512000000000000e+02 1.317295811484899963e-47
1.603137000000000114e+02 1.316110697497600240e-47
1.606770999999999958e+02 1.314931193520400172e-47
1.610413000000000068e+02 1.313859507839999976e-47
1.614062999999999874e+02 1.312951310008900149e-47
1.617721999999999980e+02 1.312165135392400272e-47
1.621389000000000067e+02 1.311092405180099904e-47
1.625064000000000135e+02 1.309818157788100306e-47
1.628746999999999900e+02 1.310423348052899803e-47
1.632438999999999965e+02 1.310233668122500027e-47
1.636139000000000010e+02 1.306764660639999732e-47
1.639848000000000070e+02 1.305735334201599978e-47
1.643565000000000111e+02 1.304765651971599972e-47
1.647290000000000134e+02 1.303862769721600352e-47
1.651023999999999887e+02 1.302916162564899816e-47
1.654765999999999906e+02 1.301821242177600090e-47
1.658516999999999939e+02 1.300961940322500343e-47
1.662275999999999954e+02 1.300029367046399685e-47
1.666043999999999983e+02 1.301484991209999765e-47
1.669819999999999993e+02 1.300497415008100019e-47
1.673605000000000018e+02 1.299708489160899832e-47
1.677399000000000058e+02 1.298466452377600027e-47
1.681201000000000079e+02 1.297282637196100198e-47
1.685011000000000081e+02 1.296876388108899943e-47
1.688831000000000131e+02 1.296254892531600018e-47
1.692658999999999878e+02 1.296010800022500029e-47
1.696494999999999891e+02 1.296294496728100143e-47
1.700340999999999951e+02 1.294276173602499888e-47
1.704194999999999993e+02 1.291406876822500047e-47
1.708058000000000050e+02 1.288585275796899919e-47
1.711929000000000087e+02 1.287548782704900131e-47
1.715809999999999889e+02 1.286984772684900146e-47
1.719698999999999955e+02 1.285766043456399968e-47
1.723596000000000004e+02 1.284966543744899870e-47
1.727503000000000100e+02 1.287799971964899802e-47
1.731418999999999926e+02 1.283027267196899953e-47
1.735343000000000018e+02 1.282045288035600200e-47
1.739276999999999873e+02 1.281206856602499835e-47
1.743218999999999994e+02 1.280421657680399865e-47
1.747170000000000130e+02 1.281599904313600249e-47
1.751131000000000029e+02 1.278701074744900320e-47
1.755099999999999909e+02 1.277706454800400147e-47
1.759078000000000088e+02 1.278882021331600218e-47
1.763064999999999998e+02 1.275994127523599788e-47
1.767061999999999955e+02 1.275263379288900078e-47
1.771066999999999894e+02 1.274400037587599952e-47
1.775081000000000131e+02 1.273566965184899817e-47
1.779105000000000132e+02 1.272699203508100237e-47
1.783137000000000114e+02 1.271853848563599729e-47
1.787178999999999860e+02 1.271077225708900127e-47
1.791229999999999905e+02 1.270434141922499992e-47
1.795289999999999964e+02 1.269004541148100190e-47
1.799359000000000037e+02 1.279412061076899902e-47
1.803437999999999874e+02 1.268537209240899953e-47
1.807526000000000010e+02 1.266897242249999889e-47
1.811622999999999877e+02 1.266206110764099784e-47
1.815729000000000042e+02 1.265181504972100090e-47
1.819843999999999937e+02 1.264566940562499979e-47
1.823968999999999880e+02 1.264575475156899925e-47
1.828103999999999871e+02 1.262995643822499951e-47
1.832247000000000128e+02 1.262140018092100246e-47
1.836399999999999864e+02 1.261261242777600201e-47
1.840562999999999931e+02 1.260453778236899669e-47
1.844735000000000014e+02 1.259759437748100054e-47
1.848916000000000111e+02 1.259090126995600076e-47
1.853106999999999971e+02 1.258130122216900189e-47
1.857307000000000130e+02 1.257226505612100137e-47
1.861517000000000053e+02 1.256445146176899848e-47
1.865735999999999990e+02 1.255806483769600019e-47
1.869964999999999975e+02 1.255133972736899922e-47
1.874204000000000008e+02 1.254239932562499829e-47
1.878452000000000055e+02 1.253732837448100144e-47
1.882709999999999866e+02 1.254482892942400107e-47
1.886976999999999975e+02 1.252658078268100145e-47
1.891254999999999882e+02 1.251508780288899691e-47
1.895541000000000054e+02 1.250823274320399957e-47
1.899838000000000022e+02 1.249897538132099964e-47
1.904144000000000005e+02 1.249248524984099832e-47
1.908460000000000036e+02 1.248517703296899815e-47
1.912786000000000115e+02 1.247772965868899860e-47
1.917120999999999924e+02 1.247904373976100253e-47
1.921467000000000098e+02 1.246742429377600076e-47
1.925822000000000003e+02 1.245604319334400219e-47
1.930186999999999955e+02 1.244969124174399959e-47
1.934561999999999955e+02 1.244746138521599986e-47
1.938947000000000003e+02 1.244382065639999903e-47
1.943342000000000098e+02 1.242895282278399990e-47
1.947746999999999957e+02 1.242402470152899868e-47
1.952161999999999864e+02 1.241781482766400072e-47
1.956587000000000103e+02 1.240816828552900165e-47
1.961022000000000105e+02 1.240292732484100000e-47
1.965466999999999871e+02 1.239580730982400056e-47
1.969921999999999969e+02 1.238928066528100183e-47
1.974387000000000114e+02 1.238349472236100205e-47
1.978862000000000023e+02 1.237604959752099799e-47
1.983346999999999980e+02 1.236872628640000198e-47
1.987843000000000018e+02 1.236125747616399789e-47
1.992349000000000103e+02 1.235530936014400110e-47
1.996864999999999952e+02 1.234868796490000046e-47
2.001391000000000133e+02 1.235168916300900090e-47
2.005927000000000078e+02 1.233663764602499940e-47
2.010474000000000103e+02 1.233134158320100148e-47
2.015030999999999892e+02 1.233664467073599918e-47
2.019598000000000013e+02 1.231816957562499993e-47
2.024175999999999931e+02 1.231525667609999888e-47
2.028763999999999896e+02 1.230932665622499756e-47
2.033362999999999943e+02 1.230225460684899792e-47
2.037971000000000004e+02 1.229719036022500189e-47
2.042590999999999894e+02 1.228869150352900180e-47
2.047221000000000117e+02 1.228233330745600137e-47
2.051861000000000104e+02 1.227846451609599949e-47
2.056511999999999887e+02 1.227212998559999837e-47
2.061173000000000002e+02 1.226583911664399867e-47
2.065844999999999914e+02 1.225975994323600225e-47
2.070527999999999906e+02 1.225436838937600027e-47
2.075220999999999947e+02 1.224925101144899872e-47
2.079925000000000068e+02 1.224338589302499906e-47
2.084638999999999953e+02 1.223864863088399707e-47
2.089363999999999919e+02 1.223227541608900159e-47
2.094099999999999966e+02 1.222628149210000183e-47
2.098847000000000094e+02 1.222220478472900028e-47
2.103603999999999985e+02 1.221894670472099853e-47
2.108371999999999957e+02 1.221489918032399869e-47
2.113151000000000010e+02 1.220858805824100051e-47
2.117940999999999860e+02 1.220168473428099849e-47
2.122741000000000042e+02 1.219816395256900163e-47
2.127553000000000054e+02 1.219138229145600011e-47
2.132375000000000114e+02 1.218524480316900012e-47
2.137209000000000003e+02 1.218180317953600126e-47
2.142052999999999940e+02 1.217551457164900161e-47
2.146907999999999959e+02 1.217133469753599823e-47
2.151774000000000058e+02 1.216647187420900210e-47
2.156651999999999987e+02 1.216112877296100005e-47
2.161539999999999964e+02 1.215617036490000108e-47
2.166440000000000055e+02 1.215207747628899899e-47
2.171349999999999909e+02 1.214776918322500102e-47
2.176271999999999878e+02 1.214342680656400147e-47
2.181204999999999927e+02 1.213698785712399955e-47
2.186149000000000058e+02 1.213275190409999866e-47
2.191103999999999985e+02 1.212899729424100087e-47
2.196069999999999993e+02 1.212538255110400029e-47
2.201048000000000116e+02 1.211990226322500191e-47
2.206037000000000035e+02 1.212402454984900176e-47
2.211037000000000035e+02 1.211069232176400011e-47
2.216048999999999864e+02 1.210661405593599849e-47
2.221072000000000060e+02 1.210352449614400114e-47
2.226106000000000051e+02 1.209957961802499823e-47
2.231151999999999873e+02 1.209502328409999866e-47
2.236209000000000060e+02 1.209002969318399853e-47
2.241278000000000077e+02 1.211492442250000106e-47
2.246357999999999890e+02 1.208495370096399912e-47
2.251450000000000102e+02 1.208153322250000097e-47
2.256553000000000111e+02 1.213367845564899834e-47
2.261667999999999950e+02 1.238284019347599832e-47
2.266793999999999869e+02 1.222446332250000115e-47
2.271931999999999903e+02 1.214888452562500007e-47
2.277082000000000050e+02 1.210336446212099928e-47
2.282242999999999995e+02 1.208740116963600102e-47
2.287416000000000054e+02 1.208164444995600143e-47
2.292600999999999942e+02 1.207479101440000216e-47
2.297797999999999945e+02 1.207991353068900361e-47
2.303006000000000029e+02 1.209795871694400088e-47
2.308225999999999942e+02 1.209881437222499999e-47
2.313457999999999970e+02 1.208838857089599938e-47
2.318702000000000112e+02 1.211048352014400135e-47
2.323957000000000050e+02 1.213829780803600254e-47
2.329225000000000136e+02 1.212194242896400004e-47
2.334504000000000019e+02 1.213520420784400118e-47
2.339796000000000049e+02 1.211481304195600162e-47
2.345099999999999909e+02 1.217054625416100079e-47
2.350415000000000134e+02 1.215767660979599755e-47
2.355742999999999938e+02 1.213881344640000032e-47
2.361082000000000107e+02 1.212805002622500124e-47
2.366434000000000140e+02 1.210764399681600128e-47
2.371798000000000002e+02 1.209687353913599835e-47
2.377173999999999978e+02 1.206979465392100098e-47
2.382562000000000069e+02 1.203552903907600139e-47
2.387961999999999989e+02 1.203396099999999879e-47
2.393375000000000057e+02 1.203273300532899919e-47
2.398799999999999955e+02 1.203889442352099811e-47
2.404236999999999966e+02 1.203111658810000163e-47
2.409687000000000126e+02 1.202118459696400274e-47
2.415149000000000115e+02 1.201912519332100298e-47
2.420622999999999934e+02 1.202317482802500170e-47
2.426109999999999900e+02 1.197499796108100009e-47
2.431608999999999980e+02 1.197515714419600186e-47
2.437119999999999891e+02 1.203594534979600280e-47
2.442644999999999982e+02 1.196962788122499694e-47
2.448180999999999869e+02 1.196814716900100011e-47
2.453729999999999905e+02 1.196480552432399990e-47
2.459292000000000087e+02 1.196245350768399705e-47
2.464866000000000099e+02 1.196037147412900201e-47
2.470452999999999975e+02 1.195811671860100273e-47
2.476052999999999997e+02 1.195813746691600198e-47
2.481665000000000134e+02 1.195630476852100183e-47
2.487290000000000134e+02 1.195293711920400131e-47
2.492927999999999997e+02 1.195333816959999799e-47
2.498579000000000008e+02 1.194833243649599898e-47
2.504242000000000132e+02 1.194621015624099856e-47
2.509918000000000120e+02 1.194784851235599882e-47
2.515606999999999971e+02 1.194581613798399932e-47
2.521308999999999969e+02 1.206668895379599888e-47
2.527024000000000115e+02 1.208065037272900005e-47
2.532752000000000123e+02 1.203960225496900098e-47
2.538492999999999995e+02 1.207093420562499907e-47
2.544247000000000014e+02 1.207576400039999867e-47
2.550013999999999896e+02 1.204410649344400219e-47
2.555793999999999926e+02 1.206058293722499845e-47
2.561587000000000103e+02 1.193283790723599945e-47
2.567393000000000143e+02 1.193278954576899898e-47
2.573211999999999762e+02 1.193139401422499746e-47
2.579044999999999845e+02 1.199833302732099753e-47
2.584891000000000076e+02 1.262689319235599881e-47
2.590749999999999886e+02 1.193100714864099912e-47
2.596621999999999844e+02 1.192677276225600178e-47
2.602508000000000266e+02 1.214238140646399785e-47
2.608407000000000266e+02 1.217137656249999939e-47
2.614318999999999846e+02 1.212551487324100030e-47
2.620244999999999891e+02 1.226155972580099815e-47
2.626184000000000083e+02 1.232658733377600100e-47
2.632135999999999854e+02 1.219914888198399785e-47
2.638102000000000089e+02 1.192251841000000041e-47
2.644082000000000221e+02 1.245517499772100269e-47
2.650074999999999932e+02 1.192165520062499852e-47
2.656082000000000107e+02 1.192193142422500115e-47
2.662101999999999862e+02 1.192047438081599892e-47
2.668136999999999830e+02 1.248004700952100098e-47
2.674184000000000196e+02 1.191968720009999732e-47
2.680246000000000208e+02 1.192028794092900193e-47
2.686320999999999799e+02 1.192113038460099803e-47
2.692409999999999854e+02 1.191837528999999837e-47
2.698512000000000057e+02 1.191948005159999991e-47
2.704628999999999905e+02 1.192131683107600230e-47
2.710758999999999901e+02 1.192070225376900151e-47
2.716904000000000110e+02 1.192132373652899874e-47
2.723061999999999898e+02 1.192329187214399833e-47
2.729234000000000151e+02 1.192281536124900058e-47
2.735421000000000049e+02 1.192280154948100098e-47
2.741621000000000095e+02 1.229242867513599820e-47
2.747835000000000036e+02 1.192155161760000011e-47
2.754062999999999874e+02 1.192137898022500161e-47
2.760305999999999926e+02 1.192522563726400028e-47
2.766562000000000126e+02 1.192570219632100138e-47
2.772832999999999970e+02 1.197474880702499709e-47
2.779118000000000279e+02 1.192798843086399915e-47
2.785418000000000234e+02 1.192579198387600184e-47
2.791730999999999767e+02 1.192596465320100119e-47
2.798059000000000083e+02 1.192909363790400189e-47
2.804400999999999726e+02 1.192990876089999745e-47
2.810758000000000152e+02 1.192975678670399819e-47
2.817128999999999905e+02 1.193086898388099742e-47
2.823514000000000124e+02 1.193198123289999709e-47
2.829913999999999987e+02 1.193247865296400255e-47
2.836329000000000065e+02 1.193462044110400103e-47
2.842758000000000038e+02 1.193651366547600007e-47
2.849200999999999908e+02 1.193878711502500047e-47
2.855658999999999992e+02 1.193954037249599880e-47
2.862131999999999721e+02 1.194063920352899912e-47
2.868618999999999915e+02 1.194102622524099775e-47
2.875120999999999754e+02 1.194404659225599949e-47
2.881637999999999806e+02 1.194455117592099989e-47
2.888170000000000073e+02 1.194558802512100059e-47
2.894716000000000236e+02 1.194782777296899915e-47
2.901277999999999793e+02 1.228359500161600043e-47
2.907853999999999814e+02 1.232204461672899811e-47
2.914445000000000050e+02 1.195467966291600167e-47
2.921050999999999931e+02 1.195615954182399831e-47
2.927672000000000025e+02 1.195795073272899965e-47
2.934307999999999765e+02 1.196165802496900115e-47
2.940958999999999719e+02 1.196284088275600152e-47
2.947624999999999886e+02 1.196365715790399785e-47
2.954306000000000267e+02 1.196631370369600000e-47
2.961003000000000043e+02 1.196870761472400273e-47
2.967714000000000283e+02 1.197092876940900100e-47
2.974440999999999917e+02 1.197535093376400107e-47
2.981182999999999765e+02 1.197832718478399992e-47
2.987939999999999827e+02 1.198111689062499805e-47
2.994712999999999852e+02 1.198381691522499843e-47
3.001501000000000090e+02 1.202069919974400094e-47
3.008303999999999974e+02 1.198723045856399968e-47
3.015122999999999820e+02 1.198955028364899752e-47
3.021956999999999880e+02 1.199268759811599858e-47
3.028806999999999903e+02 1.204409955252100007e-47
3.035672000000000139e+02 1.211103336828100131e-47
3.042552999999999770e+02 1.200232372696899988e-47
3.049449000000000183e+02 1.200507464755600156e-47
3.056360999999999990e+02 6.971977792656899830e-47
3.063288999999999760e+02 1.192641359929599897e-45
3.070231999999999744e+02 1.201901425402500177e-47
3.077191000000000258e+02 1.202319563270399920e-47
3.084166000000000167e+02 1.202141343048099828e-47
3.091157000000000039e+02 1.202533861104899789e-47
3.098163000000000125e+02 1.202957658342400040e-47
3.105185999999999922e+02 1.203267056659599972e-47
3.112223999999999933e+02 1.203640329990400053e-47
3.119279000000000224e+02 1.204069874084099957e-47
3.126349000000000160e+02 1.204422448944099905e-47
3.133435000000000059e+02 1.204820198670399958e-47
3.140538000000000238e+02 1.205243009892100264e-47
3.147656000000000063e+02 1.206921100192900195e-47
3.154791000000000167e+02 1.206982939555599776e-47
3.161940999999999917e+02 1.206495215929599912e-47
3.169107999999999947e+02 1.207042695950399968e-47
3.176292000000000257e+02 1.208548211072399851e-47
3.183491000000000213e+02 1.207693858572100105e-47
3.190706999999999880e+02 1.208197118356900050e-47
3.197939000000000078e+02 1.208682404532099943e-47
3.205187999999999988e+02 1.209158051702500103e-47
3.212452999999999861e+02 1.209545453390400238e-47
3.219734000000000265e+02 1.209966310084899698e-47
3.227031999999999812e+02 1.210795020390400124e-47
3.234347000000000207e+02 1.211479215816100080e-47
3.241677999999999997e+02 1.211536994979600167e-47
3.249026000000000067e+02 1.212054284284900246e-47
3.256390000000000100e+02 1.212671276964899866e-47
3.263770999999999844e+02 1.213158853984899931e-47
3.271168999999999869e+02 1.213577551873600042e-47
3.278582999999999856e+02 1.214107820402499701e-47
3.286014999999999873e+02 1.214618687904400339e-47
3.293462999999999852e+02 1.215191712160000223e-47
3.300928000000000111e+02 1.215755805936100054e-47
3.308410000000000082e+02 1.216321425639999980e-47
3.315908999999999764e+02 1.216881595468899743e-47
3.323424999999999727e+02 1.217454455361600237e-47
3.330957999999999970e+02 1.218049088313599896e-47
3.338507999999999925e+02 1.219850622849599929e-47
3.346075999999999908e+02 1.219514654402499673e-47
3.353659999999999854e+02 1.220708565049600062e-47
3.361261000000000081e+02 1.220654061379600142e-47
3.368879999999999768e+02 1.221001368408899875e-47
3.376515999999999735e+02 1.226892130080399914e-47
3.384169999999999732e+02 1.229085801222400027e-47
3.391840000000000259e+02 1.228577508144899705e-47
3.399528999999999996e+02 1.229821434816099828e-47
3.407234000000000265e+02 1.231470922982400041e-47
3.414956999999999994e+02 1.231996662036099866e-47
3.422697000000000003e+02 1.232588515897599864e-47
3.430455000000000041e+02 1.233426340828899939e-47
3.438231000000000108e+02 1.234608769000000165e-47
3.446023999999999887e+02 1.234290448300899874e-47
3.453835000000000264e+02 1.235372765536899819e-47
3.461664000000000101e+02 1.235844494976399923e-47
3.469510000000000218e+02 1.235547105122500128e-47
3.477373999999999796e+02 1.236961960020899744e-47
3.485255999999999972e+02 1.237896967737600021e-47
3.493156000000000176e+02 1.237170177964900199e-47
3.501073999999999842e+02 1.237932855432900079e-47
3.509010000000000105e+02 1.237909633923599730e-47
3.516963000000000079e+02 1.238521910169599900e-47
3.524934999999999832e+02 1.238213641827600175e-47
3.532925000000000182e+02 1.237199723822500221e-47
3.540932999999999993e+02 1.236627863118400139e-47
3.548958999999999833e+02 1.240759764336399870e-47
3.557003000000000270e+02 1.249480397040099687e-47
3.565065000000000168e+02 1.261757070288400061e-47
3.573145999999999844e+02 1.260925300440099829e-47
3.581245000000000118e+02 1.261378442492100144e-47
3.589363000000000170e+02 1.258653006250000102e-47
3.597497999999999934e+02 1.259660768890000072e-47
3.605652999999999793e+02 1.256001396812099842e-47
3.613824999999999932e+02 1.255658359972899758e-47
3.622017000000000166e+02 1.255474103328899704e-47
3.630226000000000113e+02 1.259237033632899660e-47
3.638455000000000155e+02 1.263143488932899916e-47
3.646702000000000226e+02 1.261438820227600153e-47
3.654968000000000075e+02 1.259127030272399780e-47
3.663251999999999953e+02 1.259416597827599805e-47
3.671555999999999926e+02 1.258861622593600171e-47
3.679877999999999929e+02 1.261453737302500000e-47
3.688219000000000278e+02 1.263350344449599866e-47
3.696578000000000088e+02 1.263195378931600012e-47
3.704956999999999994e+02 1.266665895062500068e-47
3.713355000000000246e+02 1.268026519609600218e-47
3.721772000000000276e+02 1.263648928665599757e-47
3.730208000000000084e+02 1.267546550864400182e-47
3.738663000000000238e+02 1.268654034148900056e-47
3.747137000000000171e+02 1.268111271302499953e-47
3.755631000000000199e+02 1.278250551916900100e-47
3.764143000000000256e+02 1.261109246410000243e-47
3.772674999999999841e+02 1.261990100249999827e-47
3.781227000000000089e+02 1.262895426817599727e-47
3.789796999999999798e+02 1.264037140890000241e-47
3.798387000000000171e+02 1.265042076804900177e-47
3.806997000000000071e+02 1.266131385907600223e-47
3.815625999999999749e+02 1.275316946096400079e-47
3.824275000000000091e+02 1.268218817443599734e-47
3.832943000000000211e+02 1.269328731969600217e-47
3.841630999999999858e+02 1.270503290574399708e-47
3.850337999999999852e+02 1.271734736732099806e-47
3.859066000000000258e+02 1.272714187014399932e-47
3.867812999999999874e+02 1.279560148483600188e-47
3.876580000000000155e+02 1.275034126064399914e-47
3.885366999999999962e+02 1.275991269840400141e-47
3.894173000000000116e+02 1.277141745894399704e-47
3.903000000000000114e+02 1.278091815168100070e-47
3.911847000000000207e+02 1.279264697576099663e-47
3.920713999999999828e+02 1.280495371680099668e-47
3.929601000000000113e+02 1.281687972448900170e-47
3.938507999999999925e+02 1.282990731699599921e-47
3.947434999999999832e+02 1.289632959331600138e-47
3.956381999999999834e+02 1.286217171376899975e-47
3.965350000000000250e+02 1.287919116008100000e-47
3.974338000000000193e+02 1.292330601000000028e-47
3.983346000000000231e+02 1.292352889476100092e-47
3.992375000000000114e+02 1.291795016402499842e-47
4.001424000000000092e+02 1.291430594790400140e-47
4.010493999999999915e+02 1.292654881320099949e-47
4.019585000000000150e+02 1.293963920324100184e-47
4.028695999999999913e+02 1.295405348227599940e-47
4.037826999999999771e+02 1.296522052562500247e-47
4.046979000000000042e+02 1.297892850638400131e-47
4.056152999999999906e+02 1.299157681068900196e-47
4.065346000000000117e+02 1.300449813062499870e-47
4.074560999999999922e+02 1.301845777209999954e-47
4.083797000000000139e+02 1.303199892019600114e-47
4.093052999999999884e+02 1.304608889196900196e-47
4.102330999999999790e+02 1.306012142664100206e-47
4.111628999999999792e+02 1.307413980912399703e-47
4.120948999999999955e+02 1.308750728755599890e-47
4.130289999999999964e+02 1.309957136488899953e-47
4.139651000000000067e+02 1.311311840961599910e-47
4.149035000000000082e+02 1.312862898902500034e-47
4.158439000000000192e+02 1.314284359363600062e-47
4.167864999999999895e+02 1.315766076780099969e-47
4.177312000000000012e+02 1.317194914512399880e-47
4.186779999999999973e+02 1.318549724185599968e-47
4.196270000000000095e+02 1.320490216102499778e-47
4.205781999999999812e+02 1.321766007209999828e-47
4.215314999999999941e+02 1.323152992528899854e-47
4.224868999999999915e+02 1.324630964430400013e-47
4.234445000000000050e+02 1.326105391432900259e-47
4.244044000000000096e+02 1.327480077160000097e-47
4.253663000000000238e+02 1.329080767033599912e-47
4.263304999999999723e+02 1.336256327425599949e-47
4.272968000000000188e+02 1.334713427712900088e-47
4.282653000000000247e+02 1.333865249294399871e-47
4.292361000000000217e+02 1.335256374145600124e-47
4.302090000000000032e+02 1.336821525004900031e-47
4.311841000000000008e+02 1.338532469121599937e-47
4.321614999999999895e+02 1.343138206322499958e-47
4.331410000000000196e+02 1.346021084185600037e-47
4.341227999999999838e+02 1.345244141104899932e-47
4.351068000000000211e+02 1.409342448264100122e-47
4.360930000000000177e+02 1.355227892096400079e-47
4.370815000000000055e+02 1.356668415680399910e-47
4.380722000000000094e+02 1.360643391610000094e-47
4.390652000000000044e+02 1.366340253121599623e-47
4.400604000000000156e+02 1.364409195168100116e-47
4.410577999999999861e+02 1.370210167322499986e-47
4.420575000000000045e+02 1.373962488999999863e-47
4.430595000000000141e+02 1.374841117322500084e-47
4.440638000000000147e+02 1.388020712822500291e-47
4.450702999999999747e+02 1.378535908249600026e-47
4.460790999999999826e+02 1.379462794854399796e-47
4.470901999999999816e+02 1.376500525488399796e-47
4.481035999999999717e+02 1.383072298502400088e-47
4.491193000000000097e+02 1.377637541571600095e-47
4.501372999999999820e+02 1.385387952640000266e-47
4.511576000000000022e+02 1.382784465356100059e-47
4.521802000000000135e+02 1.384645125072399796e-47
4.532051999999999907e+02 1.387447027402500005e-47
4.542323999999999842e+02 1.378097082652899934e-47
4.552620000000000005e+02 1.387392645198399836e-47
4.562939000000000078e+02 1.391923426080099871e-47
4.573281999999999812e+02 1.392879433689999748e-47
4.583648000000000025e+02 1.393364652840000160e-47
4.594037000000000148e+02 1.395532747648900282e-47
4.604449999999999932e+02 1.397588129548900088e-47
4.614886999999999944e+02 1.399081658489999866e-47
4.625346999999999866e+02 1.404921313998399814e-47
4.635831000000000017e+02 1.406152501690000072e-47
4.646338999999999828e+02 1.463565148164900057e-47
4.656870999999999867e+02 1.595882652249999967e-47
4.667425999999999817e+02 1.427720583336099945e-47
4.678004999999999995e+02 1.417463766608400145e-47
4.688609000000000151e+02 1.413751728012100062e-47
4.699236000000000217e+02 1.418601001062399845e-47
4.709888000000000261e+02 1.417123438090000129e-47
4.720563000000000216e+02 1.421884968252100171e-47
4.731263000000000147e+02 1.422329201888399794e-47
4.741986999999999739e+02 1.429628616784900129e-47
4.752735999999999876e+02 1.431101334009999952e-47
4.763507999999999925e+02 1.419237599472899854e-47
4.774306000000000267e+02 1.421444574202499893e-47
4.785126999999999953e+02 1.423703824000000098e-47
4.795973999999999933e+02 1.426143109776099767e-47
4.806843999999999824e+02 1.445686932396099965e-47
4.817740000000000009e+02 1.447867185722500258e-47
4.828659999999999854e+02 1.450178555064099701e-47
4.839605000000000246e+02 1.457454314624399833e-47
4.850573999999999728e+02 1.456291686732100075e-47
4.861569000000000074e+02 1.468853148384400064e-47
4.872588000000000079e+02 1.472933057016100018e-47
4.883632999999999811e+02 1.487511450792899830e-47
4.894701999999999771e+02 1.479440062980100099e-47
4.905797000000000025e+02 1.484745079112100028e-47
4.916915999999999940e+02 1.490164587022500073e-47
4.928061000000000149e+02 1.509694705944099879e-47
4.939232000000000085e+02 1.517287128616899848e-47
4.950427000000000248e+02 1.553494139072099997e-47
4.961648000000000138e+02 2.425726997788900217e-47
4.972894000000000005e+02 1.599777607728399725e-47
4.984166000000000167e+02 1.533385772740899693e-47
4.995462999999999738e+02 1.526907985948899885e-47
5.006786000000000172e+02 1.526614932486400194e-47
5.018134999999999764e+02 1.527731812164100200e-47
5.029508999999999901e+02 1.529484158304400033e-47
5.040908999999999764e+02 1.531440996976900076e-47
5.052334999999999923e+02 1.533496201614400120e-47
5.063786999999999807e+02 1.535789477722499884e-47
5.075264999999999986e+02 1.538590426516900286e-47
5.086768999999999892e+02 1.508409663062499864e-47
5.098297999999999774e+02 1.510971744288400136e-47
5.109855000000000018e+02 1.513449633486399900e-47
5.121436999999999671e+02 1.516012095999999929e-47
5.133044999999999618e+02 1.518579843481600142e-47
5.144679999999999609e+02 1.521216847728399914e-47
5.156340999999999894e+02 1.523485314422500084e-47
5.168029000000000224e+02 1.527952266340899656e-47
5.179742999999999711e+02 1.528948417132900186e-47
5.191482999999999493e+02 1.531615537939600270e-47
5.203251000000000204e+02 1.536979490748899883e-47
5.215045000000000073e+02 1.538477460964899986e-47
5.226865000000000236e+02 1.537173950376100259e-47
5.238713000000000193e+02 1.545945228620099805e-47
5.250587000000000444e+02 1.539952615372900189e-47
5.262487999999999602e+02 1.543758320676100017e-47
5.274415999999999940e+02 1.540151972352899829e-47
5.286372000000000071e+02 1.547177716272400192e-47
5.298354000000000497e+02 1.549631567929600196e-47
5.310362999999999829e+02 1.552925047408899696e-47
5.322400000000000091e+02 1.568387312236899821e-47
5.334464000000000397e+02 1.571030728612900364e-47
5.346554999999999609e+02 1.562895250240899942e-47
5.358673999999999751e+02 1.574934941702499935e-47
5.370819999999999936e+02 1.576428262147600067e-47
5.382993999999999915e+02 1.579254883225600079e-47
5.395194999999999936e+02 1.581967098602499835e-47
5.407423999999999751e+02 1.565862458160399927e-47
5.419681000000000495e+02 1.568716033280399923e-47
5.431965999999999894e+02 1.571437422649599873e-47
5.444278000000000475e+02 1.576166224921599828e-47
5.456617999999999711e+02 1.578014449092900218e-47
5.468985999999999876e+02 1.580411524272100250e-47
5.481382999999999583e+02 1.586463153984899994e-47
5.493807000000000471e+02 1.596939864592900101e-47
5.506259000000000015e+02 1.608066942504100268e-47
5.518740000000000236e+02 1.613376642259600181e-47
5.531249000000000251e+02 1.613054520122499753e-47
5.543786999999999807e+02 1.626886410702399930e-47
5.556352000000000544e+02 1.640522171289600121e-47
5.568946999999999434e+02 1.651363330780899758e-47
5.581568999999999505e+02 1.658104555228900043e-47
5.594221000000000004e+02 1.663176417843599862e-47
5.606901000000000295e+02 1.673749195790399774e-47
5.619610000000000127e+02 1.672478726402499855e-47
5.632346999999999753e+02 1.678635951745600173e-47
5.645113999999999805e+02 1.665437327452900070e-47
5.657908999999999651e+02 1.664126775564100261e-47
5.670733999999999924e+02 1.657921321056399879e-47
5.683586999999999989e+02 1.647436073504400255e-47
5.696470000000000482e+02 1.632597965376399787e-47
5.709382000000000517e+02 1.636748620562500000e-47
5.722323000000000093e+02 1.646738023200400409e-47
5.735294000000000096e+02 1.662108914860899880e-47
5.748292999999999893e+02 1.678590064360000146e-47
5.761322999999999865e+02 1.698537745422400197e-47
5.774382000000000517e+02 1.707590329000000010e-47
5.787469999999999573e+02 1.699761176985599828e-47
5.800588000000000193e+02 1.709114661273600134e-47
5.813736000000000104e+02 1.701414828204099879e-47
5.826914000000000442e+02 1.702249794388899940e-47
5.840121000000000322e+02 1.705537193422500105e-47
5.853359000000000378e+02 1.692851776718400046e-47
5.866625999999999976e+02 1.709060917824099655e-47
5.879923999999999751e+02 1.710839034044100411e-47
5.893251999999999953e+02 1.735344806800900256e-47
5.906608999999999696e+02 1.708362329875600155e-47
5.919998000000000502e+02 1.704586642489600149e-47
5.933415999999999713e+02 1.707705208872099871e-47
5.946865000000000236e+02 1.708922015592100194e-47
5.960344000000000051e+02 1.716914748348900142e-47
5.973854000000000042e+02 1.719624051722499827e-47
5.987395000000000209e+02 1.723409705160900135e-47
6.000965999999999667e+02 1.751236690928399898e-47
6.014568000000000438e+02 1.754545901289999804e-47
6.028201000000000249e+02 1.758263271722500136e-47
6.041865000000000236e+02 1.753295369416899727e-47
6.055560000000000400e+02 1.765247620522500320e-47
6.069285999999999603e+02 1.763147503022499845e-47
6.083043000000000120e+02 1.757418031264900295e-47
6.096830999999999676e+02 1.750179775522500289e-47
6.110650000000000546e+02 1.751984172024100264e-47
6.124501000000000204e+02 1.746071467440399981e-47
6.138383000000000038e+02 1.769406175776099808e-47
6.152296000000000049e+02 1.779049482288399738e-47
6.166240999999999985e+02 1.785313473820899862e-47
6.180217999999999847e+02 1.784351080896399882e-47
6.194225999999999885e+02 1.786908456985599832e-47
6.208265999999999849e+02 1.784774366628100009e-47
6.222337999999999738e+02 1.782922756608900013e-47
6.236441999999999553e+02 1.786795170250000222e-47
6.250578000000000429e+02 1.790407740504099872e-47
6.264746000000000095e+02 1.794833048320899898e-47
6.278945999999999685e+02 1.794456862660900193e-47
6.293178000000000338e+02 1.799722807459600223e-47
6.307441999999999780e+02 1.805425594090000196e-47
6.321739000000000033e+02 1.813111754422499815e-47
6.336068000000000211e+02 1.818053621049599677e-47
6.350430000000000064e+02 1.821181230089999918e-47
6.364823999999999842e+02 1.823682861159999599e-47
6.379251000000000431e+02 1.824542178915599824e-47
6.393709999999999809e+02 1.827481275902500203e-47
6.408201999999999998e+02 1.831428287136100206e-47
6.422727999999999611e+02 1.837391079039999817e-47
6.437286000000000286e+02 1.845195598947599891e-47
6.451876999999999498e+02 1.846754362254400333e-47
6.466500999999999522e+02 1.855079168596899949e-47
6.481158000000000357e+02 1.861898336078400179e-47
6.495847999999999729e+02 1.863817266802500282e-47
6.510571999999999662e+02 1.865040960654400166e-47
6.525329000000000406e+02 1.866349729612899753e-47
6.540119999999999436e+02 1.871002810908099717e-47
6.554944000000000415e+02 1.875709325491599979e-47
6.569801999999999680e+02 1.878773420832400056e-47
6.584692999999999756e+02 1.883194589724100119e-47
6.599618000000000393e+02 1.887627905985599839e-47
6.614577000000000453e+02 1.892183010592900220e-47
6.629569999999999936e+02 1.896997083520900073e-47
6.644596999999999980e+02 1.901450095584399856e-47
6.659657999999999447e+02 1.906210444428899924e-47
6.674752999999999474e+02 1.912504442196099745e-47
6.689882000000000062e+02 1.915733239428099687e-47
6.705045999999999822e+02 1.922772511324900240e-47
6.720244000000000142e+02 1.925053357684899824e-47
6.735475999999999885e+02 1.929645462952899630e-47
6.750742999999999938e+02 1.934509566963600113e-47
6.766045000000000300e+02 1.939283791289999769e-47
6.781381000000000085e+02 1.944433404232900366e-47
6.796752000000000180e+02 1.951659458208100234e-47
6.812157999999999447e+02 1.960250831078399979e-47
6.827599000000000160e+02 1.972733087011599818e-47
6.843074000000000296e+02 1.984025397760000159e-47
6.858585000000000491e+02 1.974904712009999905e-47
6.874130999999999858e+02 1.977865518239999894e-47
6.889711999999999534e+02 1.995161435872899920e-47
6.905329000000000406e+02 1.989886154259600111e-47
6.920981000000000449e+02 1.993564455422500207e-47
6.936667999999999665e+02 1.998738202562499748e-47
6.952391000000000076e+02 2.004053847555600173e-47
6.968150000000000546e+02 2.014263768302500002e-47
6.983944000000000187e+02 2.021221764000000248e-47
6.999773999999999887e+02 2.023825670302500029e-47
7.015639999999999645e+02 2.028316957185599783e-47
7.031541999999999462e+02 2.034101103020100135e-47
7.047480000000000473e+02 2.041020059522499897e-47
7.063454000000000406e+02 2.046257697936399737e-47
7.079465000000000146e+02 2.049262442688399873e-47
7.095511000000000195e+02 2.054811619800899823e-47
7.111594000000000051e+02 2.059969783872100002e-47
7.127713999999999714e+02 2.064629110476100283e-47
7.143868999999999687e+02 2.069758629160000207e-47
7.160062000000000353e+02 2.079183075763600109e-47
7.176290999999999940e+02 2.085760774216900231e-47
7.192558000000000220e+02 2.091823773331599935e-47
7.208859999999999673e+02 2.094018784202499729e-47
7.225199999999999818e+02 2.099392673956900132e-47
7.241576999999999771e+02 2.105859977122500215e-47
7.257992000000000417e+02 2.104286256250000127e-47
7.274442999999999984e+02 2.117681173792900053e-47
7.290931000000000495e+02 2.122959993848099943e-47
7.307457000000000562e+02 2.127744411150399773e-47
7.324021000000000186e+02 2.134223789475600233e-47
7.340621999999999616e+02 2.140355845440399573e-47
7.357259999999999991e+02 2.147415062844100107e-47
7.373935999999999922e+02 2.152059006284099913e-47
7.390651000000000295e+02 2.158364347239999731e-47
7.407401999999999589e+02 2.164613775668100186e-47
7.424193000000000211e+02 2.167951864012900186e-47
7.441019999999999754e+02 2.173196900353600190e-47
7.457886999999999489e+02 2.179034536816900071e-47
7.474791000000000167e+02 2.180868518052900084e-47
7.491734000000000151e+02 2.186957742606399819e-47
7.508714999999999691e+02 2.196323538502499820e-47
7.525733999999999924e+02 2.205889695610000126e-47
7.542793000000000347e+02 2.210740282620100008e-47
7.559888999999999442e+02 2.218494780809999830e-47
7.577024999999999864e+02 2.222804720356900047e-47
7.594198999999999842e+02 2.230581274740899923e-47
7.611413000000000011e+02 2.236964587833600183e-47
7.628664999999999736e+02 2.241224250064899959e-47
7.645955999999999904e+02 2.252079528966400090e-47
7.663287000000000262e+02 2.256592012960000214e-47
7.680656999999999925e+02 2.264428347720100257e-47
7.698066000000000031e+02 2.268578796159999929e-47
7.715515000000000327e+02 2.273420544160000394e-47
7.733002999999999929e+02 2.278959608402499978e-47
7.750530999999999722e+02 2.282878709070399715e-47
7.768098999999999705e+02 2.289436845763600187e-47
7.785706999999999880e+02 2.296536294396100093e-47
7.803354000000000497e+02 2.303136081000000035e-47
7.821041999999999916e+02 2.309748220825599887e-47
7.838768999999999778e+02 2.316473797657600179e-47
7.856536999999999580e+02 2.325332350889999996e-47
7.874344999999999573e+02 2.336419165710399699e-47
7.892192999999999756e+02 2.336897721760900071e-47
7.910081999999999880e+02 2.344862469488400212e-47
7.928011000000000195e+02 2.351681614339600310e-47
7.945981000000000449e+02 2.359359644097599802e-47
7.963991999999999507e+02 2.367817983652900061e-47
7.982042999999999893e+02 2.371552667988100232e-47
8.000135999999999967e+02 2.392775055999999515e-47
8.018269000000000233e+02 2.395689379808400066e-47
8.036444000000000187e+02 2.395573869159999901e-47
8.054660000000000082e+02 2.399988746502400062e-47
8.072916999999999916e+02 2.410060792216900261e-47
8.091214999999999691e+02 2.417503040972099487e-47
8.109555000000000291e+02 2.421589653122500330e-47
8.127935999999999694e+02 2.428723409126399986e-47
8.146359999999999673e+02 2.442891912384399892e-47
8.164823999999999842e+02 2.446905931764099897e-47
8.183330999999999449e+02 2.457908675289999870e-47
8.201879999999999882e+02 2.463870486012100125e-47
8.220471000000000004e+02 2.476835907552400258e-47
8.239103999999999814e+02 2.482444926739599962e-47
8.257779000000000451e+02 2.487912645840399837e-47
8.276495999999999640e+02 2.497754504451600471e-47
8.295256000000000540e+02 2.502017406828899892e-47
8.314057999999999993e+02 2.504194758124899628e-47
8.332903000000000020e+02 2.511494181336099511e-47
8.351790999999999485e+02 2.519350299196900165e-47
8.370721999999999525e+02 2.527027657202499894e-47
8.389695000000000391e+02 2.534857665916900163e-47
8.408710999999999558e+02 2.542530360720099960e-47
8.427771000000000186e+02 2.550231820032400026e-47
8.446874000000000251e+02 2.558224113632099870e-47
8.466019999999999754e+02 2.566247148259600177e-47
8.485208999999999833e+02 2.574316230798399954e-47
8.504442000000000235e+02 2.582389848528399777e-47
8.523718999999999824e+02 2.590379403892899996e-47
8.543038999999999987e+02 2.605809481236899820e-47
8.562403000000000475e+02 2.605943226433600263e-47
8.581811000000000149e+02 2.614362799105600090e-47
8.601263000000000147e+02 2.622869698881599879e-47
8.620759000000000469e+02 2.631088798339600332e-47
8.640298999999999978e+02 2.639127591553599491e-47
8.659883999999999560e+02 2.647468836673600177e-47
8.679511999999999716e+02 2.655856224999999519e-47
8.699185999999999694e+02 2.664691506422500043e-47
8.718903999999999996e+02 2.672730766371599862e-47
8.738665999999999485e+02 2.681473910702499731e-47
8.758473999999999933e+02 2.690059135008400194e-47
8.778325999999999567e+02 2.698658080932099855e-47
8.798224000000000160e+02 2.707451820912400011e-47
8.818165999999999940e+02 2.715781445185599562e-47
8.838153999999999542e+02 2.724280444729600260e-47
8.858187000000000353e+02 2.733552869892100276e-47
8.878265000000000100e+02 2.741746579656099994e-47
8.898388999999999669e+02 2.750504247562499711e-47
8.918558000000000447e+02 2.759251716816399966e-47
8.938772999999999911e+02 2.768061477016899886e-47
8.959035000000000082e+02 2.777079203999999971e-47
8.979340999999999440e+02 2.785920522512399882e-47
8.999693999999999505e+02 2.795040227059599563e-47
9.020094000000000278e+02 2.804864343340900165e-47
9.040538999999999987e+02 2.813383748995600102e-47
9.061031000000000404e+02 2.822212500250000032e-47
9.081568999999999505e+02 2.831989486273600314e-47
9.102152999999999565e+02 2.841040307988099657e-47
9.122785000000000082e+02 2.850103434049599874e-47
9.143463000000000420e+02 2.859506107922499640e-47
9.164188000000000329e+02 2.869026035624100130e-47
9.184959999999999809e+02 2.879094038696100189e-47
9.205778999999999996e+02 2.889338781604900123e-47
9.226644999999999754e+02 2.898223375522499717e-47
9.247558000000000220e+02 2.907634927800099731e-47
9.268519000000000005e+02 2.918927534409999959e-47
9.289528000000000247e+02 2.927946210249999804e-47
9.310584000000000060e+02 2.937069843667599773e-47
9.331688000000000329e+02 2.947336780784399868e-47
9.352839000000000169e+02 2.957299686723600287e-47
9.374039000000000215e+02 2.967001598636100015e-47
9.395285999999999831e+02 2.977269382209599730e-47
9.416581999999999653e+02 2.987449958304899561e-47
9.437925999999999931e+02 2.998060745702499792e-47
9.459319000000000415e+02 3.008151725424400323e-47
9.480760000000000218e+02 3.017972885766400265e-47
9.502249000000000478e+02 3.029432422478399737e-47
9.523786999999999807e+02 3.039596966851600332e-47
9.545374000000000478e+02 3.050721847555600121e-47
9.567010000000000218e+02 3.059847686492099842e-47
9.588695000000000164e+02 3.073083573160000060e-47
9.610429000000000315e+02 3.083082260760099827e-47
9.632213000000000420e+02 3.095829630432399962e-47
9.654045999999999594e+02 3.107065769923599489e-47
9.675928000000000111e+02 3.117287039328899876e-47
9.697859999999999445e+02 3.139428136360000074e-47
9.719841000000000122e+02 3.152577690752400267e-47
9.741873000000000502e+02 3.159215607609999745e-47
9.763953999999999951e+02 3.161997337089599898e-47
9.786086000000000240e+02 3.170446717158400041e-47
9.808266999999999598e+02 3.180842689081600464e-47
9.830498999999999796e+02 3.188693750990400144e-47
9.852780999999999949e+02 3.202458658672900490e-47
9.875113999999999805e+02 3.211690648368400209e-47
9.897496999999999616e+02 3.228296487609999650e-47
9.919931000000000267e+02 3.246485646643600510e-47
9.942415999999999485e+02 3.250068267796900446e-47
9.964951999999999543e+02 3.258715492225600257e-47
9.987539000000000442e+02 3.279654748792899927e-47
1.001018000000000029e+03 3.304094101562500511e-47
1.003287000000000035e+03 3.307473713209599734e-47
1.005561000000000035e+03 3.314968139577600090e-47
1.007840000000000032e+03 3.335206876562500215e-47
1.010125000000000000e+03 3.370315681536399561e-47
1.012413999999999987e+03 3.365256397288899949e-47
1.014708999999999946e+03 3.385353418764100103e-47
1.017009000000000015e+03 3.370506102723599491e-47
1.019313999999999965e+03 3.382233159580899947e-47
1.021624000000000024e+03 3.380996855395599480e-47
1.023940000000000055e+03 3.390900604473599788e-47
1.026260999999999967e+03 3.403357246890000007e-47
1.028586999999999989e+03 3.412055203840000093e-47
1.030919000000000096e+03 3.429126030387599832e-47
1.033255000000000109e+03 3.437277560890000549e-47
1.035596999999999980e+03 3.448920430800099886e-47
1.037944999999999936e+03 3.460951251022500296e-47
1.040297000000000025e+03 3.473069022562499804e-47
1.042654999999999973e+03 3.486216372756099658e-47
1.045019000000000005e+03 3.498259962288100162e-47
1.047386999999999944e+03 3.510684556060899750e-47
1.049760999999999967e+03 3.523966956260100422e-47
1.052141000000000076e+03 3.536148068870400262e-47
1.054526000000000067e+03 3.549436802122500505e-47
1.056915999999999940e+03 3.564254773904400090e-47
1.059311999999999898e+03 3.577740914208399850e-47
1.061712999999999965e+03 3.590291354521599373e-47
1.064118999999999915e+03 3.602425608444099817e-47
1.066530999999999949e+03 3.614701779312100409e-47
1.068949000000000069e+03 3.627120486336399848e-47
1.071371000000000095e+03 3.642490644302500097e-47
1.073799999999999955e+03 3.662546940240400315e-47
1.076233999999999924e+03 3.681434995528900280e-47
1.078673000000000002e+03 3.687123636456100079e-47
1.081117999999999938e+03 3.728961093648400249e-47
1.083568999999999960e+03 3.763061798439999953e-47
1.086025000000000091e+03 3.869078851686399854e-47
1.088486000000000104e+03 3.879423716400399894e-47
1.090953999999999951e+03 3.837149574772900232e-47
1.093426999999999907e+03 3.899722729017600342e-47
1.095904999999999973e+03 3.841061761689999473e-47
1.098388999999999896e+03 3.823072560999999463e-47
1.100878999999999905e+03 3.827809045104100436e-47
1.103374000000000024e+03 3.842960950224399848e-47
1.105875000000000000e+03 3.849212245680400002e-47
1.108381000000000085e+03 3.863878032010000097e-47
1.110894000000000005e+03 3.867654558820899568e-47
1.113412000000000035e+03 3.881047033802499912e-47
1.115934999999999945e+03 3.894669845144100269e-47
1.118464999999999918e+03 3.905326304612099591e-47
1.121000000000000000e+03 3.921248118816900129e-47
1.123540999999999940e+03 3.930495004195600083e-47
1.126087999999999965e+03 3.944681564889999905e-47
1.128640000000000100e+03 3.958545113980900018e-47
1.131198000000000093e+03 3.972496009507599972e-47
1.133761999999999944e+03 3.985211299960900474e-47
1.136332000000000107e+03 3.999827568756100149e-47
1.138907999999999902e+03 4.015037049062400281e-47
1.141489000000000033e+03 4.028696053440100006e-47
1.144076999999999998e+03 4.042040015161600506e-47
1.146670000000000073e+03 4.056428838009999961e-47
1.149269000000000005e+03 4.072415487630400005e-47
1.151874000000000024e+03 4.087671438009999772e-47
1.154484999999999900e+03 4.100059885524099944e-47
1.157102000000000089e+03 4.115176312129599836e-47
1.159723999999999933e+03 4.131541727784899373e-47
1.162353000000000065e+03 4.147415384184900024e-47
1.164988000000000056e+03 4.162768461030399941e-47
1.167627999999999929e+03 4.177626346393599915e-47
1.170275000000000091e+03 4.192675165756900304e-47
1.172928000000000111e+03 4.209226250102500017e-47
1.175586000000000013e+03 4.224398121436899672e-47
1.178250999999999976e+03 4.240725104722499941e-47
1.180921000000000049e+03 4.256194969830399843e-47
1.183597999999999956e+03 4.271891691284099785e-47
1.186280999999999949e+03 4.287739097488900053e-47
1.188970000000000027e+03 4.304222027164900691e-47
1.191664999999999964e+03 4.319490383208900217e-47
1.194365999999999985e+03 4.336281765202499951e-47
1.197073000000000093e+03 4.351412888257600060e-47
1.199786000000000058e+03 4.366443492064900047e-47
1.202506000000000085e+03 4.382760413856400201e-47
1.205231999999999971e+03 4.399934223999999863e-47
1.207962999999999965e+03 4.415682240360000768e-47
1.210701000000000022e+03 4.431716680899600951e-47
1.213445999999999913e+03 4.448128318604098954e-47
1.216195999999999913e+03 4.464788115664899420e-47
1.218952999999999975e+03 4.481774949523599288e-47
1.221715999999999894e+03 4.499907517822500030e-47
1.224484999999999900e+03 4.516481110752901171e-47
1.227259999999999991e+03 4.533625156840001268e-47
1.230041999999999916e+03 4.551036442276899751e-47
1.232829999999999927e+03 4.568843389968400007e-47
1.235625000000000000e+03 4.586262511802500447e-47
1.238424999999999955e+03 4.604562949024898847e-47
1.241231999999999971e+03 4.620653645652099237e-47
1.244046000000000049e+03 4.638977548801600057e-47
1.246865999999999985e+03 4.659332036489999704e-47
1.249692000000000007e+03 4.677123710249999146e-47
1.252523999999999887e+03 4.695213777856900438e-47
1.255363000000000056e+03 4.712535547368099515e-47
1.258209000000000060e+03 4.730682897601599331e-47
1.261060999999999922e+03 4.749518430562500097e-47
1.263919000000000096e+03 4.767098791872399940e-47
1.266784000000000106e+03 4.784914996686399813e-47
1.269654999999999973e+03 4.802340313166400107e-47
1.272532999999999902e+03 4.822392747902499982e-47
1.275417999999999893e+03 4.842079183502500449e-47
1.278308999999999969e+03 4.859120220612099360e-47
1.281205999999999904e+03 4.878583851859600404e-47
1.284109999999999900e+03 4.895887663184399982e-47
1.287020999999999958e+03 4.916153891784099183e-47
1.289938000000000102e+03 4.935561287602499112e-47
1.292862000000000080e+03 4.954308652922499154e-47
1.295791999999999916e+03 4.974307397712899320e-47
1.298729000000000042e+03 4.993923823290000341e-47
1.301673000000000002e+03 5.012948692752399707e-47
1.304623000000000047e+03 5.031162783876099661e-47
1.307580999999999904e+03 5.049901646275599514e-47
1.310544000000000096e+03 5.070200444515599711e-47
1.313515000000000100e+03 5.089665268772099282e-47
1.316491999999999962e+03 5.107432035690000687e-47
1.319476000000000113e+03 5.128142482102499367e-47
1.322467000000000098e+03 5.147436859009600044e-47
1.325464999999999918e+03 5.167464726606399977e-47
1.328469000000000051e+03 5.187550207622499783e-47
1.331480000000000018e+03 5.208319816316099212e-47
1.334498000000000047e+03 5.228167758844899587e-47
1.337522999999999911e+03 5.254466651289999413e-47
1.340555000000000064e+03 5.284978848579600051e-47
1.343593000000000075e+03 5.309213500922501392e-47
1.346638999999999896e+03 5.322802642851599730e-47
1.349691000000000031e+03 5.334775864202499780e-47
1.352750000000000000e+03 5.354134266802500580e-47
1.355816000000000031e+03 5.374883944960000011e-47
1.358890000000000100e+03 5.396806491961599804e-47
1.361970000000000027e+03 5.416939392019598726e-47
1.365057000000000016e+03 5.440344350516100408e-47
1.368151000000000067e+03 5.460694190180100991e-47
1.371251999999999953e+03 5.480883608340101284e-47
1.374359999999999900e+03 5.502889007731599738e-47
1.377474999999999909e+03 5.526322603777599498e-47
1.380597999999999956e+03 5.547814117322500848e-47
1.383727000000000089e+03 5.570013041550400371e-47
1.386863000000000056e+03 5.592051391200399638e-47
1.390007000000000062e+03 5.612146351347601089e-47
1.393157999999999902e+03 5.633047376176900583e-47
1.396315000000000055e+03 5.653330081276899083e-47
1.399480000000000018e+03 5.675276343424900614e-47
1.402652000000000044e+03 5.695639392691600193e-47
1.405832000000000107e+03 5.718602187673601213e-47
1.409018000000000029e+03 5.740473118128099933e-47
1.412211999999999989e+03 5.762917176654399373e-47
1.415413000000000011e+03 5.788164878400100880e-47
1.418621000000000095e+03 5.810890932639999199e-47
1.421836999999999989e+03 5.833084107636899932e-47
1.425058999999999969e+03 5.857039879690001370e-47
1.428289999999999964e+03 5.878816401433600072e-47
1.431527000000000044e+03 5.902684484944899535e-47
1.434771999999999935e+03 5.928023680195601291e-47
1.438023999999999887e+03 5.954144001609999170e-47
1.441282999999999902e+03 5.975671868100900610e-47
1.444549999999999955e+03 5.999617831839999761e-47
1.447824000000000069e+03 6.025496243364899414e-47
1.451105999999999995e+03 6.049418839560099570e-47
1.454394999999999982e+03 6.076272655202501095e-47
1.457692000000000007e+03 6.102412549843599745e-47
1.460996000000000095e+03 6.126311870977600709e-47
1.464307000000000016e+03 6.148959274089999332e-47
1.467626999999999953e+03 6.172930624000000375e-47
1.470952999999999975e+03 6.199817522766399699e-47
1.474287000000000035e+03 6.230513208960000657e-47
1.477628999999999905e+03 6.249375227940100634e-47
1.480978000000000065e+03 6.278484736872099934e-47
1.484335000000000036e+03 6.300290612896899433e-47
1.487700000000000045e+03 6.324440344322499952e-47
1.491071999999999889e+03 6.357011630956899656e-47
1.494451000000000022e+03 6.376335515841599037e-47
1.497838999999999942e+03 6.395976632522499456e-47
1.501233999999999924e+03 6.422704901568401538e-47
1.504636999999999944e+03 6.443189419470399575e-47
1.508047000000000025e+03 6.472011030416100484e-47
1.511464999999999918e+03 6.494680404576400703e-47
1.514891000000000076e+03 6.521571914062498763e-47
1.518325000000000045e+03 6.547481590580099592e-47
1.521766000000000076e+03 6.572991854520100063e-47
1.525215999999999894e+03 6.598322647603598765e-47
1.528673000000000002e+03 6.626946604723599504e-47
1.532137999999999920e+03 6.653969975296900888e-47
1.535611000000000104e+03 6.680778600160900282e-47
1.539090999999999894e+03 6.709012201273600693e-47
1.542579999999999927e+03 6.736092231689999309e-47
1.546076000000000022e+03 6.764067311602499020e-47
1.549580999999999904e+03 6.789936337144900306e-47
1.553093000000000075e+03 6.818813942732099624e-47
1.556613000000000056e+03 6.848762427562500471e-47
1.560142000000000053e+03 6.884118804948101183e-47
1.563678000000000111e+03 6.906293098892099226e-47
1.567221999999999980e+03 6.934892175999999453e-47
1.570775000000000091e+03 6.962026670337600875e-47
1.574335000000000036e+03 6.989008488084101395e-47
1.577903000000000020e+03 7.019358174192098662e-47
1.581480000000000018e+03 7.045856448159999314e-47
1.585065000000000055e+03 7.073577012793600136e-47
1.588657999999999902e+03 7.103179081729600315e-47
1.592258000000000038e+03 7.133391937548100396e-47
1.595867999999999938e+03 7.160722103102499761e-47
1.599484999999999900e+03 7.189805364998399257e-47
1.603109999999999900e+03 7.219365598922500066e-47
1.606743999999999915e+03 7.245661250102498396e-47
1.610385999999999967e+03 7.276060998028900411e-47
1.614036000000000058e+03 7.303379125236099420e-47
1.617693999999999960e+03 7.334021193209999284e-47
1.621361000000000104e+03 7.363740533817598445e-47
1.625036000000000058e+03 7.393523407359999677e-47
1.628720000000000027e+03 7.422044768664099406e-47
1.632411000000000058e+03 7.453409335596900135e-47
1.636111000000000104e+03 7.480445718784898897e-47
1.639819999999999936e+03 7.513559355024100694e-47
1.643537000000000035e+03 7.546930291224899471e-47
1.647261999999999944e+03 7.580282881632398990e-47
1.650996000000000095e+03 7.613209908764100844e-47
1.654738000000000056e+03 7.644639654976900774e-47
1.658489000000000033e+03 7.677041846812901031e-47
1.662248000000000047e+03 7.710696203724899554e-47
1.666016000000000076e+03 7.744168960921600984e-47
1.669791999999999916e+03 7.771690148696098790e-47
1.673576999999999998e+03 7.802480391722500319e-47
1.677369999999999891e+03 7.835305317907599930e-47
1.681172000000000025e+03 7.866114766854400397e-47
1.684982999999999947e+03 7.897210389062500972e-47
1.688801999999999907e+03 7.930123345537598816e-47
1.692630000000000109e+03 7.964389798164898473e-47
1.696465999999999894e+03 7.996861029528901097e-47
1.700311999999999898e+03 8.029136669702500246e-47
1.704165999999999940e+03 8.063045046691599295e-47
1.708028999999999996e+03 8.095954105350400330e-47
1.711900000000000091e+03 8.128196295380101483e-47
1.715779999999999973e+03 8.162706895289999264e-47
1.719669000000000096e+03 8.197174713062498771e-47
1.723567000000000007e+03 8.229171310448399842e-47
1.727473999999999933e+03 8.261744686339600388e-47
1.731388999999999896e+03 8.298739930656401210e-47
1.735314000000000078e+03 8.335700956003598893e-47
1.739247000000000071e+03 8.373357186602499259e-47
1.743190000000000055e+03 8.410283897759999455e-47
1.747141000000000076e+03 8.447907656249998837e-47
1.751101000000000113e+03 8.484720025251599143e-47
1.755069999999999936e+03 8.517420104616899216e-47
1.759048000000000002e+03 8.554126331790399616e-47
1.763035000000000082e+03 8.587725193200400465e-47
1.767031999999999925e+03 8.621898743472399164e-47
1.771037000000000035e+03 8.652298094352899913e-47
1.775050999999999931e+03 8.686446905232099196e-47
1.779074000000000069e+03 8.720257688582400043e-47
1.783106999999999971e+03 8.754875184900100153e-47
1.787148999999999887e+03 8.790768832809999648e-47
1.791199000000000069e+03 8.836052640078400040e-47
1.795259000000000015e+03 8.866463411610000409e-47
1.799328999999999951e+03 8.903300063289998792e-47
1.803406999999999925e+03 8.950045477902400312e-47
1.807494999999999891e+03 8.991587183040399850e-47
1.811592000000000098e+03 9.025110200336401300e-47
1.815698000000000093e+03 9.063893012070402184e-47
1.819813000000000102e+03 9.101257308260100529e-47
1.823938000000000102e+03 9.135027921475601381e-47
1.828073000000000093e+03 9.174218342979598589e-47
1.832215999999999894e+03 9.213782533402498854e-47
1.836368999999999915e+03 9.246553280999998602e-47
1.840531999999999925e+03 9.284738899022500468e-47
1.844702999999999975e+03 9.322157393742401115e-47
1.848884999999999991e+03 9.361475842278401053e-47
1.853075000000000045e+03 9.399391694211601138e-47
1.857276000000000067e+03 9.439505966694400135e-47
1.861486000000000104e+03 9.481580975028100698e-47
1.865704999999999927e+03 9.520792807702499619e-47
1.869933999999999969e+03 9.559821562435599838e-47
1.874172000000000025e+03 9.599882481420098883e-47
1.878420000000000073e+03 9.642348364611599824e-47
1.882678000000000111e+03 9.686734577864101488e-47
1.886944999999999936e+03 9.726265352548898958e-47
1.891221999999999980e+03 9.772485010574398529e-47
1.895509000000000015e+03 9.808731444121599837e-47
1.899805000000000064e+03 9.849536281728898447e-47
1.904112000000000080e+03 9.889166813604098860e-47
1.908428000000000111e+03 9.938335357439999745e-47
1.912752999999999929e+03 9.975570937728400068e-47
1.917088999999999942e+03 1.001928929296000032e-46
1.921433999999999969e+03 1.005812421604000124e-46
1.925789999999999964e+03 1.009693377224999898e-46
1.930154999999999973e+03 1.014169843599999972e-46
1.934529999999999973e+03 1.018482621601000080e-46
1.938913999999999987e+03 1.022333321025000139e-46
1.943308999999999969e+03 1.027131575624999896e-46
1.947713999999999942e+03 1.031069653056000062e-46
1.952128999999999905e+03 1.034824011168999926e-46
1.956554000000000087e+03 1.040191930404000010e-46
1.960988000000000056e+03 1.044880573635999944e-46
1.965432999999999993e+03 1.050090018120999869e-46
1.969887999999999920e+03 1.053852124328999868e-46
1.974353000000000065e+03 1.058822478080999968e-46
1.978827999999999975e+03 1.063340441856000029e-46
1.983314000000000078e+03 1.067095198009000041e-46
1.987808999999999969e+03 1.072135993599999882e-46
1.992315000000000055e+03 1.077078654975999989e-46
1.996830999999999904e+03 1.081968191329000032e-46
2.001356999999999971e+03 1.086410136099999837e-46
2.005893000000000029e+03 1.091527636643999843e-46
2.010440000000000055e+03 1.096665539524000141e-46
2.014997000000000071e+03 1.102338305928999913e-46
2.019564000000000078e+03 1.106539894084000145e-46
2.024142000000000053e+03 1.110258401343999908e-46
2.028730000000000018e+03 1.114998724224999927e-46
2.033327999999999975e+03 1.118915452943999885e-46
2.037936999999999898e+03 1.123292621025000068e-46
2.042556000000000040e+03 1.127538164736000016e-46
2.047185999999999922e+03 1.133028255843999974e-46
2.051826000000000022e+03 1.136923182755999942e-46
2.056476999999999862e+03 1.142359091344000063e-46
2.061137999999999920e+03 1.146586940943999967e-46
2.065809999999999945e+03 1.151816193528999822e-46
2.070492000000000189e+03 1.156762629840999786e-46
2.075186000000000149e+03 1.162308234816000143e-46
2.079889000000000124e+03 1.168174034041000205e-46
2.084603999999999814e+03 1.173385066441000021e-46
2.089329000000000178e+03 1.178905179076000027e-46
2.094063999999999851e+03 1.184333769440999802e-46
2.098811000000000149e+03 1.188743187024999935e-46
2.103568000000000211e+03 1.193396750329000027e-46
2.108335999999999785e+03 1.197194858895999920e-46
2.113114999999999782e+03 1.203404612004000064e-46
2.117905000000000200e+03 1.208541839569000196e-46
2.122704999999999927e+03 1.213211928681000011e-46
2.127516999999999825e+03 1.218113957123999941e-46
2.132338999999999942e+03 1.223229364009000175e-46
2.137172000000000025e+03 1.228317807024999991e-46
2.142016999999999825e+03 1.233234681121000073e-46
2.146871999999999844e+03 1.238866945936000183e-46
2.151737999999999829e+03 1.243847247841000168e-46
2.156614999999999782e+03 1.249333765695999908e-46
2.161503000000000156e+03 1.254545604225000157e-46
2.166402999999999793e+03 1.260039925225000056e-46
2.171313000000000102e+03 1.265928768224999981e-46
2.176235000000000127e+03 1.272379488003999992e-46
2.181168000000000120e+03 1.276766663481000104e-46
2.186110999999999876e+03 1.282334289604000020e-46
2.191067000000000007e+03 1.286897392225000020e-46
2.196032999999999902e+03 1.293676485201000107e-46
2.201010999999999967e+03 1.299057416643999989e-46
2.206000000000000000e+03 1.304518044024999806e-46
2.211000000000000000e+03 1.309825314575999946e-46
2.216010999999999967e+03 1.314780996320999967e-46
2.221034000000000106e+03 1.320844518399999910e-46
2.226068000000000211e+03 1.327995797768999971e-46
2.231114000000000033e+03 1.334579457600000055e-46
2.236170999999999822e+03 1.338389844543999993e-46
2.241239999999999782e+03 1.345136040000000132e-46
2.246320000000000164e+03 1.352913269904000104e-46
2.251411999999999807e+03 1.357907775849000057e-46
2.256514999999999873e+03 1.364754323529000172e-46
2.261630000000000109e+03 1.372805902224000155e-46
2.266755999999999858e+03 1.378139819364000049e-46
2.271893999999999778e+03 1.384717027600000189e-46
2.277043000000000120e+03 1.391538733225000039e-46
2.282204999999999927e+03 1.395294863076000038e-46
2.287378000000000156e+03 1.402322534808999869e-46
2.292561999999999898e+03 1.406743067843999965e-46
2.297759000000000015e+03 1.412121058928999966e-46
2.302967000000000098e+03 1.418395249295999996e-46
2.308186999999999898e+03 1.422530904601000141e-46
2.313418999999999869e+03 1.431183935040999800e-46
2.318661999999999807e+03 1.436840934489000075e-46
2.323918000000000120e+03 1.440319217689000058e-46
2.329184999999999945e+03 1.446737462415999852e-46
2.334465000000000146e+03 1.454766462768999929e-46
2.339755999999999858e+03 1.461204692809000190e-46
2.345059999999999945e+03 1.464797042943999929e-46
2.350375000000000000e+03 1.476793674756000028e-46
2.355702000000000226e+03 1.481777902089000161e-46
2.361041999999999916e+03 1.490123138435999946e-46
2.366393999999999778e+03 1.497196959999999958e-46
2.371757999999999811e+03 1.506267744601000032e-46
2.377132999999999811e+03 1.511987477641000107e-46
2.382521000000000186e+03 1.518297124863999966e-46
2.387922000000000025e+03 1.524429763683999928e-46
2.393333999999999833e+03 1.532792563599999904e-46
2.398759000000000015e+03 1.537967061904000116e-46
2.404195999999999913e+03 1.544775552100000000e-46
2.409646000000000186e+03 1.552341564899999891e-46
2.415108000000000175e+03 1.558310312328999884e-46
2.420581999999999880e+03 1.564335538756000062e-46
2.426068000000000211e+03 1.572139822500000084e-46
2.431568000000000211e+03 1.576752353344000236e-46
2.437079000000000178e+03 1.586337731000999869e-46
2.442603000000000065e+03 1.591599235395999787e-46
2.448139999999999873e+03 1.601143521768999918e-46
2.453688999999999851e+03 1.605980856529000038e-46
2.459250000000000000e+03 1.616567302248999955e-46
2.464824000000000069e+03 1.623738547600000070e-46
2.470411000000000058e+03 1.631513172249000117e-46
2.476010999999999967e+03 1.637007655936000067e-46
2.481623000000000047e+03 1.647223367363999966e-46
2.487248000000000047e+03 1.651124771520999943e-46
2.492885999999999967e+03 1.656049839375999969e-46
2.498536000000000058e+03 1.664319307224999987e-46
2.504199999999999818e+03 1.666709402121000136e-46
2.509876000000000204e+03 1.676206659856000078e-46
2.515565000000000055e+03 1.684926014208999887e-46
2.521266999999999825e+03 1.693373882208999897e-46
2.526981000000000222e+03 1.702223824248999963e-46
2.532708999999999833e+03 1.707754989720999903e-46
2.538449999999999818e+03 1.718663316483999842e-46
2.544204000000000178e+03 1.724186964889000042e-46
2.549969999999999800e+03 1.732398234436000106e-46
2.555750000000000000e+03 1.727082214224999899e-46
2.561543000000000120e+03 1.736886768099999881e-46
2.567349000000000160e+03 1.747520075843999983e-46
2.573168999999999869e+03 1.751223462243999925e-46
2.579001000000000204e+03 1.760944924036000133e-46
2.584847000000000207e+03 1.770743860249000169e-46
2.590706000000000131e+03 1.774013550241000061e-46
2.596577999999999975e+03 1.783597644195999914e-46
2.602463000000000193e+03 1.791087039225000372e-46
2.608362000000000080e+03 1.803485157721000168e-46
2.614273999999999887e+03 1.807422115216000277e-46
2.620199999999999818e+03 1.813256151183999795e-46
2.626139000000000124e+03 1.823871858064000475e-46
2.632092000000000098e+03 1.830511585296000015e-46
2.638057999999999993e+03 1.840984935240999904e-46
2.644036999999999807e+03 1.845848304400000013e-46
2.650030000000000200e+03 1.854807019569000427e-46
2.656036999999999807e+03 1.867319517001000058e-46
2.662056999999999789e+03 1.877634391823999797e-46
2.668090999999999894e+03 1.880639220496000486e-46
2.674139000000000124e+03 1.886472033120999460e-46
2.680199999999999818e+03 1.895740705881000019e-46
2.686275000000000091e+03 1.905984569475999914e-46
2.692364000000000033e+03 1.916264341263999547e-46
2.698467000000000098e+03 1.924088023225000368e-46
2.704583000000000084e+03 1.934024238864000210e-46
2.710713000000000193e+03 1.940245627329000573e-46
2.716858000000000175e+03 1.955749107360999554e-46
2.723016000000000076e+03 1.953531745343999725e-46
2.729188000000000102e+03 1.969382802408999725e-46
2.735373999999999796e+03 1.978121292848999657e-46
2.741574000000000069e+03 1.982466816001000330e-46
2.747788000000000011e+03 1.991222965449000061e-46
2.754016999999999825e+03 2.025754424100000058e-46
2.760259000000000015e+03 2.028824199424000093e-46
2.766514999999999873e+03 2.041380855360999584e-46
2.772786000000000058e+03 2.044960060440999479e-46
2.779070999999999913e+03 2.049799250943999480e-46
2.785369999999999891e+03 2.060255458880999877e-46
2.791684000000000196e+03 2.073136345920999986e-46
2.798012000000000171e+03 2.081657412024999856e-46
2.804353999999999814e+03 2.096318849688999773e-46
2.810710000000000036e+03 2.105612851328999650e-46
2.817081000000000131e+03 2.112086703203999714e-46
2.823465999999999894e+03 2.120451455329000113e-46
2.829865999999999985e+03 2.128710180099999947e-46
2.836280000000000200e+03 2.144941851844000088e-46
2.842708999999999833e+03 2.154618851044000048e-46
2.849152999999999793e+03 2.160573672320999766e-46
2.855610999999999876e+03 2.173766896899999517e-46
2.862083000000000084e+03 2.176029168768999990e-46
2.868570999999999913e+03 2.193991951368999806e-46
2.875072999999999865e+03 2.203134615616000102e-46
2.881588999999999942e+03 2.211082754840999920e-46
2.888121000000000095e+03 2.227568190015999693e-46
2.894666999999999916e+03 2.237294986080999916e-46
2.901228999999999814e+03 2.271923144099999523e-46
2.907804999999999836e+03 2.266177976689000115e-46
2.914396000000000186e+03 2.276827495056000317e-46
2.921001000000000204e+03 2.281522641840999594e-46
2.927621999999999844e+03 2.291605578025000269e-46
2.934257999999999811e+03 2.296246223568999766e-46
2.940909000000000106e+03 2.305720771599999839e-46
2.947574999999999818e+03 2.310874264335999760e-46
2.954255999999999858e+03 2.323200882024999800e-46
2.960952000000000226e+03 2.334704544675999796e-46
2.967664000000000215e+03 2.343979372035999766e-46
2.974389999999999873e+03 2.355862753924000278e-46
2.981132000000000062e+03 2.361142633201000464e-46
2.987889999999999873e+03 2.375294357600999619e-46
2.994661999999999807e+03 2.387065170169000124e-46
3.001449999999999818e+03 2.413250399295999391e-46
3.008253000000000156e+03 2.402087717688999552e-46
3.015072000000000116e+03 2.411051195535999885e-46
3.021905999999999949e+03 2.433497041088999699e-46
3.028755000000000109e+03 2.449879213681000188e-46
3.035619999999999891e+03 2.461249532568999782e-46
3.042501000000000204e+03 2.468091272256000547e-46
3.049396999999999935e+03 2.493389428209000001e-46
3.056309000000000196e+03 2.507370907024000247e-46
3.063237000000000080e+03 2.506737559824000189e-46
3.070179999999999836e+03 2.506303763160999674e-46
3.077139000000000124e+03 2.526933074689000444e-46
3.084114000000000033e+03 2.548515309648999802e-46
3.091103999999999814e+03 2.555227826064000054e-46
3.098110999999999876e+03 2.555310949155999672e-46
3.105132999999999811e+03 2.566458468289000328e-46
3.112170999999999822e+03 2.572687681600000462e-46
3.119226000000000113e+03 2.610244140624999977e-46
3.126295999999999822e+03 2.606397140356000394e-46
3.133382000000000062e+03 2.611090796769000075e-46
3.140483999999999924e+03 2.633210462089000176e-46
3.147603000000000065e+03 2.640215515876000448e-46
3.154737000000000080e+03 2.661704149728999763e-46
3.161887999999999920e+03 2.670034432576000607e-46
3.169054999999999836e+03 2.691926022680999805e-46
3.176237999999999829e+03 2.681140981560999783e-46
3.183436999999999898e+03 2.698578280224999432e-46
3.190652999999999793e+03 2.723067629584000371e-46
3.197885000000000218e+03 2.727280496704000259e-46
3.205132999999999811e+03 2.749985422863999754e-46
3.212398000000000138e+03 2.757479440355999976e-46
3.219679999999999836e+03 2.778648957183999756e-46
3.226976999999999862e+03 2.771059622499999838e-46
3.234291999999999916e+03 2.796998690929000302e-46
3.241623000000000047e+03 2.811393311841000244e-46
3.248969999999999800e+03 2.807926921968999996e-46
3.256335000000000036e+03 2.833115110595999734e-46
3.263715999999999894e+03 2.840731589809000140e-46
3.271112999999999829e+03 2.839983300624999900e-46
3.278527999999999793e+03 2.882575774224999636e-46
3.285958999999999833e+03 2.884671258624000469e-46
3.293407000000000153e+03 2.899105560975999957e-46
3.300871999999999844e+03 2.917984820520999848e-46
3.308353999999999814e+03 2.933084390624999753e-46
3.315853000000000065e+03 2.945174254801000441e-46
3.323369000000000142e+03 2.963273045055999899e-46
3.330902000000000044e+03 2.987895473808999728e-46
3.338452000000000226e+03 3.018729027600999975e-46
3.346018999999999778e+03 3.016057422399999718e-46
3.353603000000000065e+03 3.044553868224999940e-46
3.361204000000000178e+03 3.051121588516000172e-46
3.368822999999999865e+03 3.079179148081000576e-46
3.376458999999999833e+03 3.085035806329000169e-46
3.384112000000000080e+03 3.114190795849000459e-46
3.391782999999999902e+03 3.138477980625000280e-46
3.399471000000000004e+03 3.154982355529000485e-46
3.407175999999999931e+03 3.158116397880999567e-46
3.414898999999999887e+03 3.149698518120999871e-46
3.422639000000000124e+03 3.198657133441000080e-46
3.430396999999999935e+03 3.186096481296000105e-46
3.438172999999999774e+03 3.194784460815999896e-46
3.445965999999999894e+03 3.221583445129000546e-46
3.453777000000000044e+03 3.203792127395999652e-46
3.461605000000000018e+03 3.238124671440999765e-46
3.469451000000000022e+03 3.215164575743999882e-46
3.477315000000000055e+03 3.250433986816000391e-46
3.485197000000000116e+03 3.262983415129000394e-46
3.493097000000000207e+03 3.252496827023999331e-46
3.501014999999999873e+03 3.256646125923999655e-46
3.508949999999999818e+03 3.292363073169000460e-46
3.516903999999999996e+03 3.338133627135999496e-46
3.524875000000000000e+03 3.350063981123999627e-46
3.532864999999999782e+03 3.361285891161000256e-46
3.540873000000000047e+03 3.369772461635999811e-46
3.548898000000000138e+03 3.390963882849000309e-46
3.556943000000000211e+03 3.420757521841000076e-46
3.565005000000000109e+03 3.465517328099999674e-46
3.573085999999999785e+03 3.497734069729000090e-46
3.581184000000000196e+03 3.456553990761000058e-46
3.589302000000000135e+03 3.491523947843999688e-46
3.597436999999999898e+03 3.520389112899999867e-46
3.605590999999999894e+03 3.455248968899999633e-46
3.613764000000000124e+03 3.468153840804000612e-46
3.621954999999999927e+03 3.490242231960999660e-46
3.630164999999999964e+03 3.586046666595999942e-46
3.638393000000000029e+03 3.600961664399999541e-46
3.646639999999999873e+03 3.603702348964000342e-46
3.654905999999999949e+03 3.635806154841000088e-46
3.663190000000000055e+03 3.654382782736000366e-46
3.671492999999999938e+03 3.671611661024999999e-46
3.679815000000000055e+03 3.664460261283999557e-46
3.688155999999999949e+03 3.682142669880999379e-46
3.696516000000000076e+03 3.685820182801000488e-46
3.704893999999999778e+03 3.713282752144000598e-46
3.713291999999999916e+03 3.698879023008999439e-46
3.721708999999999833e+03 3.771818441688999836e-46
3.730144999999999982e+03 3.801298894864000153e-46
3.738599000000000160e+03 3.840431928803999818e-46
3.747074000000000069e+03 3.819675451201000038e-46
3.755567000000000007e+03 3.838190356900000385e-46
3.764079000000000178e+03 3.853184480208999545e-46
3.772610999999999876e+03 3.906014660496000079e-46
3.781161999999999807e+03 3.908540862008999723e-46
3.789733000000000175e+03 3.935089494436000227e-46
3.798322999999999865e+03 3.964853545635999478e-46
3.806931999999999789e+03 3.976749884040999437e-46
3.815561000000000149e+03 3.997048544644000628e-46
3.824210000000000036e+03 3.963814210489000138e-46
3.832878000000000156e+03 4.039943221520999718e-46
3.841565999999999804e+03 4.058927443684000093e-46
3.850273000000000138e+03 4.091072569600000234e-46
3.859000000000000000e+03 4.142755461375999772e-46
3.867746999999999844e+03 4.162138577423999356e-46
3.876514000000000124e+03 4.168910487681000304e-46
3.885300999999999931e+03 4.176280524024999502e-46
3.894106999999999971e+03 4.209554958400000051e-46
3.902934000000000196e+03 4.245466565208999398e-46
3.911780000000000200e+03 4.262965443024999354e-46
3.920646999999999935e+03 4.279122508816000365e-46
3.929534000000000106e+03 4.332101076899999760e-46
3.938440999999999804e+03 4.274208917055999736e-46
3.947367999999999938e+03 4.315873291024000137e-46
3.956315000000000055e+03 4.281907302729000016e-46
3.965282999999999902e+03 4.354366970943999287e-46
3.974271000000000186e+03 4.439297297296000430e-46
3.983278999999999996e+03 4.512183156100000170e-46
3.992306999999999789e+03 4.511248560900000537e-46
4.001356000000000222e+03 4.529669403204000205e-46
4.010425999999999931e+03 4.541923930040999838e-46
4.019516000000000076e+03 4.540010332900000234e-46
4.028626999999999953e+03 4.594913780625000415e-46
4.037759000000000015e+03 4.565854409795999645e-46
4.046911000000000058e+03 4.524945804863999965e-46
4.056083999999999833e+03 4.565803127076000318e-46
4.065277000000000044e+03 4.738610617225000294e-46
4.074492000000000189e+03 4.676237576521000079e-46
4.083726999999999862e+03 4.835979235396000529e-46
4.092983999999999924e+03 4.812977822499999289e-46
4.102261000000000422e+03 4.853358805155999229e-46
4.111559000000000196e+03 4.911001702084000549e-46
4.120878999999999905e+03 4.813157719880999940e-46
4.130219000000000051e+03 5.045805286368999861e-46
4.139581000000000131e+03 4.953856227076000549e-46
4.148963999999999942e+03 4.860746184099999133e-46
4.158368000000000393e+03 4.933169713476000396e-46
4.167793999999999869e+03 5.010331594129000433e-46
4.177240999999999985e+03 5.025626887681000885e-46
4.186708999999999833e+03 5.011979175025000144e-46
4.196198999999999614e+03 4.992646142929000161e-46
4.205710000000000036e+03 5.025299591523999680e-46
4.215243000000000393e+03 5.104124711360999326e-46
4.224796999999999571e+03 5.233122910404000651e-46
4.234373999999999796e+03 5.199302919203999413e-46
4.243970999999999549e+03 5.283626320995999248e-46
4.253591000000000349e+03 5.386172980969000461e-46
4.263231999999999971e+03 5.492953127025000166e-46
4.272895999999999731e+03 5.404281233521000461e-46
4.282581000000000131e+03 5.530412932488999452e-46
4.292287999999999556e+03 5.550377893775999773e-46
4.302016999999999825e+03 5.454985319280999983e-46
4.311768000000000029e+03 5.665909020489000049e-46
4.321541000000000167e+03 5.382748005624999759e-46
4.331337000000000444e+03 5.642202110224000037e-46
4.341154000000000451e+03 5.658251749263999826e-46
4.350993999999999687e+03 5.748902949969000199e-46
4.360855999999999767e+03 5.805425208025000605e-46
4.370740999999999985e+03 5.773024954943999649e-46
4.380648000000000138e+03 5.768086035856000655e-46
4.390577000000000226e+03 5.792594781960999818e-46
4.400529000000000451e+03 5.710030447489000323e-46
4.410502999999999702e+03 5.798338784676000328e-46
4.420500000000000000e+03 6.072424564441000682e-46
4.430520000000000437e+03 6.174365219929000698e-46
4.440561999999999898e+03 5.073828330255999311e-46
4.450627999999999702e+03 5.080250031481000362e-46
4.460716000000000349e+03 5.099611765823999555e-46
4.470827000000000226e+03 5.129020090756000499e-46
4.480960000000000036e+03 5.157768029184000847e-46
4.491117000000000189e+03 5.162370247225000547e-46
4.501296999999999571e+03 5.155796927044000107e-46
4.511500000000000000e+03 5.158885457123999943e-46
4.521725999999999658e+03 5.189648486399999942e-46
4.531975000000000364e+03 5.241553829135999676e-46
4.542247000000000298e+03 5.299655201603999792e-46
4.552542999999999665e+03 5.318184842161000479e-46
4.562862000000000080e+03 5.704569203775999500e-46
4.573203999999999724e+03 7.069249345636001175e-46
4.583569999999999709e+03 6.944231606481000423e-46
4.593958999999999833e+03 6.758273710224001069e-46
4.604372000000000298e+03 6.737585810596000050e-46
4.614809000000000196e+03 6.966902181120999451e-46
4.625269000000000233e+03 7.003872269289000473e-46
4.635752999999999702e+03 7.118031905295999362e-46
4.646260000000000218e+03 7.369715537284001749e-46
4.656792000000000371e+03 7.664741749728999771e-46
4.667346999999999753e+03 7.492723696656001832e-46
4.677926000000000386e+03 7.004237488703999376e-46
4.688529000000000451e+03 7.224795658403999851e-46
4.699157000000000153e+03 7.308901436003997926e-46
4.709807999999999993e+03 7.103600206563999380e-46
4.720483000000000175e+03 7.562483500008999298e-46
4.731182999999999993e+03 8.034707717135999821e-46
4.741907000000000153e+03 7.863117015625001070e-46
4.752654999999999745e+03 7.671282405263999995e-46
4.763427999999999884e+03 7.696967984281001403e-46
4.774225000000000364e+03 8.086897000008999611e-46
4.785046000000000276e+03 7.555434151225001135e-46
4.795891999999999825e+03 7.519836341824000972e-46
4.806762999999999920e+03 8.346592568209001025e-46
4.817658000000000357e+03 7.973948097123999938e-46
4.828578000000000429e+03 8.254657640464000641e-46
4.839523000000000138e+03 8.080784099584000825e-46
4.850492000000000189e+03 8.062760250000000001e-46
4.861485999999999876e+03 7.978783206276000793e-46
4.872506000000000313e+03 8.361766955584000519e-46
4.883550000000000182e+03 8.193929150015999019e-46
4.894618999999999687e+03 8.525144446225002058e-46
4.905712999999999738e+03 8.829859794064000130e-46
4.916832999999999629e+03 8.558333764368999705e-46
4.927978000000000065e+03 8.603351323608998873e-46
4.939148000000000138e+03 8.792820242360999241e-46
4.950342999999999847e+03 8.510382569535998348e-46
4.961564000000000306e+03 8.728502995215998262e-46
4.972810000000000400e+03 8.892681843600000909e-46
4.984081000000000131e+03 8.823109818384000097e-46
4.995377999999999702e+03 8.953990951684000280e-46
